.15:55:16.855 INFO  z.c.reikan.loans.LoansApiApplication - Starting LoansApiApplication using Java 17.0.12 with PID 50113 (/Users/thomasnyagwaya/Code/getsol/bulkit-loans/loans-api/target/classes started by thomasnyagwaya in /Users/thomasnyagwaya/Code/getsol/bulkit-loans) 
.15:55:16.855 INFO  z.c.reikan.loans.LoansApiApplication - The following 1 profile is active: "api" 
.15:55:17.232 INFO  o.s.d.r.c.RepositoryConfigurationDelegate - Bootstrapping Spring Data JPA repositories in DEFAULT mode. 
.15:55:17.266 INFO  o.s.d.r.c.RepositoryConfigurationDelegate - Finished Spring Data repository scanning in 28 ms. Found 8 JPA repository interfaces. 
.15:55:17.472 INFO  o.s.b.w.e.tomcat.TomcatWebServer - Tomcat initialized with port 8080 (http) 
.15:55:17.476 INFO  o.a.coyote.http11.Http11NioProtocol - Initializing ProtocolHandler ["http-nio-8080"] 
.15:55:17.477 INFO  o.a.catalina.core.StandardService - Starting service [Tomcat] 
.15:55:17.477 INFO  o.a.catalina.core.StandardEngine - Starting Servlet engine: [Apache Tomcat/10.1.18] 
.15:55:17.503 INFO  o.a.c.c.C.[Tomcat].[localhost].[/] - Initializing Spring embedded WebApplicationContext 
.15:55:17.503 INFO  o.s.b.w.s.c.ServletWebServerApplicationContext - Root WebApplicationContext: initialization completed in 624 ms 
.15:55:17.571 INFO  o.h.jpa.internal.util.LogHelper - HHH000204: Processing PersistenceUnitInfo [name: default] 
.15:55:17.595 INFO  org.hibernate.Version - HHH000412: Hibernate ORM core version 6.4.1.Final 
.15:55:17.607 INFO  o.h.c.i.RegionFactoryInitiator - HHH000026: Second-level cache disabled 
.15:55:17.687 INFO  o.s.o.j.p.SpringPersistenceUnitInfo - No LoadTimeWeaver setup: ignoring JPA class transformer 
.15:55:17.700 INFO  com.zaxxer.hikari.HikariDataSource - HikariPool-1 - Starting... 
.15:55:17.918 INFO  com.zaxxer.hikari.pool.HikariPool - HikariPool-1 - Added connection com.mysql.cj.jdbc.ConnectionImpl@eb695e8 
.15:55:17.918 INFO  com.zaxxer.hikari.HikariDataSource - HikariPool-1 - Start completed. 
.15:55:17.955 WARN  org.hibernate.orm.deprecation - HHH90000025: MySQL8Dialect does not need to be specified explicitly using 'hibernate.dialect' (remove the property setting and it will be selected by default) 
.15:55:17.956 WARN  org.hibernate.orm.deprecation - HHH90000026: MySQL8Dialect has been deprecated; use org.hibernate.dialect.MySQLDialect instead 
.15:55:18.359 INFO  o.h.e.t.j.p.i.JtaPlatformInitiator - HHH000489: No JTA platform available (set 'hibernate.transaction.jta.platform' to enable JTA platform integration) 
.15:55:18.595 WARN  o.h.t.s.i.ExceptionHandlerLoggedImpl - GenerationTarget encountered exception accepting command : Error executing DDL "alter table `loan_request` modify column `signature` `MEDIUMTEXT`" via JDBC [You have an error in your SQL syntax; check the manual that corresponds to your MySQL server version for the right syntax to use near '`MEDIUMTEXT`' at line 1] 
org.hibernate.tool.schema.spi.CommandAcceptanceException: Error executing DDL "alter table `loan_request` modify column `signature` `MEDIUMTEXT`" via JDBC [You have an error in your SQL syntax; check the manual that corresponds to your MySQL server version for the right syntax to use near '`MEDIUMTEXT`' at line 1]
	at org.hibernate.tool.schema.internal.exec.GenerationTargetToDatabase.accept(GenerationTargetToDatabase.java:94)
	at org.hibernate.tool.schema.internal.AbstractSchemaMigrator.applySqlString(AbstractSchemaMigrator.java:574)
	at org.hibernate.tool.schema.internal.AbstractSchemaMigrator.applySqlStrings(AbstractSchemaMigrator.java:514)
	at org.hibernate.tool.schema.internal.AbstractSchemaMigrator.migrateTable(AbstractSchemaMigrator.java:333)
	at org.hibernate.tool.schema.internal.GroupedSchemaMigratorImpl.performTablesMigration(GroupedSchemaMigratorImpl.java:84)
	at org.hibernate.tool.schema.internal.AbstractSchemaMigrator.performMigration(AbstractSchemaMigrator.java:232)
	at org.hibernate.tool.schema.internal.AbstractSchemaMigrator.doMigration(AbstractSchemaMigrator.java:117)
	at org.hibernate.tool.schema.spi.SchemaManagementToolCoordinator.performDatabaseAction(SchemaManagementToolCoordinator.java:286)
	at org.hibernate.tool.schema.spi.SchemaManagementToolCoordinator.lambda$process$5(SchemaManagementToolCoordinator.java:145)
	at java.base/java.util.HashMap.forEach(HashMap.java:1421)
	at org.hibernate.tool.schema.spi.SchemaManagementToolCoordinator.process(SchemaManagementToolCoordinator.java:142)
	at org.hibernate.boot.internal.SessionFactoryObserverForSchemaExport.sessionFactoryCreated(SessionFactoryObserverForSchemaExport.java:37)
	at org.hibernate.internal.SessionFactoryObserverChain.sessionFactoryCreated(SessionFactoryObserverChain.java:35)
	at org.hibernate.internal.SessionFactoryImpl.<init>(SessionFactoryImpl.java:315)
	at org.hibernate.boot.internal.SessionFactoryBuilderImpl.build(SessionFactoryBuilderImpl.java:450)
	at org.hibernate.jpa.boot.internal.EntityManagerFactoryBuilderImpl.build(EntityManagerFactoryBuilderImpl.java:1507)
	at org.springframework.orm.jpa.vendor.SpringHibernateJpaPersistenceProvider.createContainerEntityManagerFactory(SpringHibernateJpaPersistenceProvider.java:75)
	at org.springframework.orm.jpa.LocalContainerEntityManagerFactoryBean.createNativeEntityManagerFactory(LocalContainerEntityManagerFactoryBean.java:376)
	at org.springframework.orm.jpa.AbstractEntityManagerFactoryBean.buildNativeEntityManagerFactory(AbstractEntityManagerFactoryBean.java:409)
	at org.springframework.orm.jpa.AbstractEntityManagerFactoryBean.afterPropertiesSet(AbstractEntityManagerFactoryBean.java:396)
	at org.springframework.orm.jpa.LocalContainerEntityManagerFactoryBean.afterPropertiesSet(LocalContainerEntityManagerFactoryBean.java:352)
	at org.springframework.beans.factory.support.AbstractAutowireCapableBeanFactory.invokeInitMethods(AbstractAutowireCapableBeanFactory.java:1820)
	at org.springframework.beans.factory.support.AbstractAutowireCapableBeanFactory.initializeBean(AbstractAutowireCapableBeanFactory.java:1769)
	at org.springframework.beans.factory.support.AbstractAutowireCapableBeanFactory.doCreateBean(AbstractAutowireCapableBeanFactory.java:599)
	at org.springframework.beans.factory.support.AbstractAutowireCapableBeanFactory.createBean(AbstractAutowireCapableBeanFactory.java:521)
	at org.springframework.beans.factory.support.AbstractBeanFactory.lambda$doGetBean$0(AbstractBeanFactory.java:325)
	at org.springframework.beans.factory.support.DefaultSingletonBeanRegistry.getSingleton(DefaultSingletonBeanRegistry.java:234)
	at org.springframework.beans.factory.support.AbstractBeanFactory.doGetBean(AbstractBeanFactory.java:323)
	at org.springframework.beans.factory.support.AbstractBeanFactory.getBean(AbstractBeanFactory.java:199)
	at org.springframework.context.support.AbstractApplicationContext.getBean(AbstractApplicationContext.java:1231)
	at org.springframework.context.support.AbstractApplicationContext.finishBeanFactoryInitialization(AbstractApplicationContext.java:949)
	at org.springframework.context.support.AbstractApplicationContext.refresh(AbstractApplicationContext.java:624)
	at org.springframework.boot.web.servlet.context.ServletWebServerApplicationContext.refresh(ServletWebServerApplicationContext.java:146)
	at org.springframework.boot.SpringApplication.refresh(SpringApplication.java:754)
	at org.springframework.boot.SpringApplication.refreshContext(SpringApplication.java:456)
	at org.springframework.boot.SpringApplication.run(SpringApplication.java:334)
	at org.springframework.boot.SpringApplication.run(SpringApplication.java:1354)
	at org.springframework.boot.SpringApplication.run(SpringApplication.java:1343)
	at zw.co.reikan.loans.LoansApiApplication.main(LoansApiApplication.java:44)
Caused by: java.sql.SQLSyntaxErrorException: You have an error in your SQL syntax; check the manual that corresponds to your MySQL server version for the right syntax to use near '`MEDIUMTEXT`' at line 1
	at com.mysql.cj.jdbc.exceptions.SQLError.createSQLException(SQLError.java:121)
	at com.mysql.cj.jdbc.exceptions.SQLExceptionsMapping.translateException(SQLExceptionsMapping.java:122)
	at com.mysql.cj.jdbc.StatementImpl.executeInternal(StatementImpl.java:770)
	at com.mysql.cj.jdbc.StatementImpl.execute(StatementImpl.java:653)
	at com.zaxxer.hikari.pool.ProxyStatement.execute(ProxyStatement.java:94)
	at com.zaxxer.hikari.pool.HikariProxyStatement.execute(HikariProxyStatement.java)
	at org.hibernate.tool.schema.internal.exec.GenerationTargetToDatabase.accept(GenerationTargetToDatabase.java:80)
	... 38 common frames omitted
.15:55:18.596 WARN  o.h.t.s.i.ExceptionHandlerLoggedImpl - GenerationTarget encountered exception accepting command : Error executing DDL "alter table `loan_request` modify column `witness_signature` `MEDIUMTEXT`" via JDBC [You have an error in your SQL syntax; check the manual that corresponds to your MySQL server version for the right syntax to use near '`MEDIUMTEXT`' at line 1] 
org.hibernate.tool.schema.spi.CommandAcceptanceException: Error executing DDL "alter table `loan_request` modify column `witness_signature` `MEDIUMTEXT`" via JDBC [You have an error in your SQL syntax; check the manual that corresponds to your MySQL server version for the right syntax to use near '`MEDIUMTEXT`' at line 1]
	at org.hibernate.tool.schema.internal.exec.GenerationTargetToDatabase.accept(GenerationTargetToDatabase.java:94)
	at org.hibernate.tool.schema.internal.AbstractSchemaMigrator.applySqlString(AbstractSchemaMigrator.java:574)
	at org.hibernate.tool.schema.internal.AbstractSchemaMigrator.applySqlStrings(AbstractSchemaMigrator.java:514)
	at org.hibernate.tool.schema.internal.AbstractSchemaMigrator.migrateTable(AbstractSchemaMigrator.java:333)
	at org.hibernate.tool.schema.internal.GroupedSchemaMigratorImpl.performTablesMigration(GroupedSchemaMigratorImpl.java:84)
	at org.hibernate.tool.schema.internal.AbstractSchemaMigrator.performMigration(AbstractSchemaMigrator.java:232)
	at org.hibernate.tool.schema.internal.AbstractSchemaMigrator.doMigration(AbstractSchemaMigrator.java:117)
	at org.hibernate.tool.schema.spi.SchemaManagementToolCoordinator.performDatabaseAction(SchemaManagementToolCoordinator.java:286)
	at org.hibernate.tool.schema.spi.SchemaManagementToolCoordinator.lambda$process$5(SchemaManagementToolCoordinator.java:145)
	at java.base/java.util.HashMap.forEach(HashMap.java:1421)
	at org.hibernate.tool.schema.spi.SchemaManagementToolCoordinator.process(SchemaManagementToolCoordinator.java:142)
	at org.hibernate.boot.internal.SessionFactoryObserverForSchemaExport.sessionFactoryCreated(SessionFactoryObserverForSchemaExport.java:37)
	at org.hibernate.internal.SessionFactoryObserverChain.sessionFactoryCreated(SessionFactoryObserverChain.java:35)
	at org.hibernate.internal.SessionFactoryImpl.<init>(SessionFactoryImpl.java:315)
	at org.hibernate.boot.internal.SessionFactoryBuilderImpl.build(SessionFactoryBuilderImpl.java:450)
	at org.hibernate.jpa.boot.internal.EntityManagerFactoryBuilderImpl.build(EntityManagerFactoryBuilderImpl.java:1507)
	at org.springframework.orm.jpa.vendor.SpringHibernateJpaPersistenceProvider.createContainerEntityManagerFactory(SpringHibernateJpaPersistenceProvider.java:75)
	at org.springframework.orm.jpa.LocalContainerEntityManagerFactoryBean.createNativeEntityManagerFactory(LocalContainerEntityManagerFactoryBean.java:376)
	at org.springframework.orm.jpa.AbstractEntityManagerFactoryBean.buildNativeEntityManagerFactory(AbstractEntityManagerFactoryBean.java:409)
	at org.springframework.orm.jpa.AbstractEntityManagerFactoryBean.afterPropertiesSet(AbstractEntityManagerFactoryBean.java:396)
	at org.springframework.orm.jpa.LocalContainerEntityManagerFactoryBean.afterPropertiesSet(LocalContainerEntityManagerFactoryBean.java:352)
	at org.springframework.beans.factory.support.AbstractAutowireCapableBeanFactory.invokeInitMethods(AbstractAutowireCapableBeanFactory.java:1820)
	at org.springframework.beans.factory.support.AbstractAutowireCapableBeanFactory.initializeBean(AbstractAutowireCapableBeanFactory.java:1769)
	at org.springframework.beans.factory.support.AbstractAutowireCapableBeanFactory.doCreateBean(AbstractAutowireCapableBeanFactory.java:599)
	at org.springframework.beans.factory.support.AbstractAutowireCapableBeanFactory.createBean(AbstractAutowireCapableBeanFactory.java:521)
	at org.springframework.beans.factory.support.AbstractBeanFactory.lambda$doGetBean$0(AbstractBeanFactory.java:325)
	at org.springframework.beans.factory.support.DefaultSingletonBeanRegistry.getSingleton(DefaultSingletonBeanRegistry.java:234)
	at org.springframework.beans.factory.support.AbstractBeanFactory.doGetBean(AbstractBeanFactory.java:323)
	at org.springframework.beans.factory.support.AbstractBeanFactory.getBean(AbstractBeanFactory.java:199)
	at org.springframework.context.support.AbstractApplicationContext.getBean(AbstractApplicationContext.java:1231)
	at org.springframework.context.support.AbstractApplicationContext.finishBeanFactoryInitialization(AbstractApplicationContext.java:949)
	at org.springframework.context.support.AbstractApplicationContext.refresh(AbstractApplicationContext.java:624)
	at org.springframework.boot.web.servlet.context.ServletWebServerApplicationContext.refresh(ServletWebServerApplicationContext.java:146)
	at org.springframework.boot.SpringApplication.refresh(SpringApplication.java:754)
	at org.springframework.boot.SpringApplication.refreshContext(SpringApplication.java:456)
	at org.springframework.boot.SpringApplication.run(SpringApplication.java:334)
	at org.springframework.boot.SpringApplication.run(SpringApplication.java:1354)
	at org.springframework.boot.SpringApplication.run(SpringApplication.java:1343)
	at zw.co.reikan.loans.LoansApiApplication.main(LoansApiApplication.java:44)
Caused by: java.sql.SQLSyntaxErrorException: You have an error in your SQL syntax; check the manual that corresponds to your MySQL server version for the right syntax to use near '`MEDIUMTEXT`' at line 1
	at com.mysql.cj.jdbc.exceptions.SQLError.createSQLException(SQLError.java:121)
	at com.mysql.cj.jdbc.exceptions.SQLExceptionsMapping.translateException(SQLExceptionsMapping.java:122)
	at com.mysql.cj.jdbc.StatementImpl.executeInternal(StatementImpl.java:770)
	at com.mysql.cj.jdbc.StatementImpl.execute(StatementImpl.java:653)
	at com.zaxxer.hikari.pool.ProxyStatement.execute(ProxyStatement.java:94)
	at com.zaxxer.hikari.pool.HikariProxyStatement.execute(HikariProxyStatement.java)
	at org.hibernate.tool.schema.internal.exec.GenerationTargetToDatabase.accept(GenerationTargetToDatabase.java:80)
	... 38 common frames omitted
.15:55:18.782 INFO  o.s.o.j.LocalContainerEntityManagerFactoryBean - Initialized JPA EntityManagerFactory for persistence unit 'default' 
.15:55:18.800 INFO  z.c.r.l.core.config.SecurityConfig - Creating keyclok: username: admin, password: admin@Keyc1oaK 
.15:55:19.078 INFO  o.s.d.j.r.query.QueryEnhancerFactory - Hibernate is in classpath; If applicable, HQL parser will be used. 
.15:55:20.762 INFO  o.s.s.web.DefaultSecurityFilterChain - Will secure Or [Mvc [pattern='/auth/**'], Mvc [pattern='/v3/api-docs/**'], Mvc [pattern='/swagger-ui/**'], Mvc [pattern='/swagger-ui.html'], Mvc [pattern='/spec.html'], Mvc [pattern='/swagger-resources/**'], Mvc [pattern='/configuration/security']] with [org.springframework.security.web.session.DisableEncodeUrlFilter@7aeb4c8a, org.springframework.security.web.context.request.async.WebAsyncManagerIntegrationFilter@4a4a1973, org.springframework.security.web.context.SecurityContextHolderFilter@20531934, org.springframework.security.web.header.HeaderWriterFilter@2e1437aa, org.springframework.web.filter.CorsFilter@541d4d9f, org.springframework.security.web.csrf.CsrfFilter@4127f82a, org.springframework.security.web.authentication.logout.LogoutFilter@6a1eef38, org.springframework.security.web.savedrequest.RequestCacheAwareFilter@313c7515, org.springframework.security.web.servletapi.SecurityContextHolderAwareRequestFilter@287cfa9c, org.springframework.security.web.authentication.AnonymousAuthenticationFilter@73c57370, org.springframework.security.web.access.ExceptionTranslationFilter@79e1f733, org.springframework.security.web.access.intercept.AuthorizationFilter@6c5abd8f] 
.15:55:20.786 INFO  o.s.s.web.DefaultSecurityFilterChain - Will secure Or [Mvc [pattern='/api/**']] with [org.springframework.security.web.session.DisableEncodeUrlFilter@72464f26, org.springframework.security.web.context.request.async.WebAsyncManagerIntegrationFilter@491ce4c2, org.springframework.security.web.context.SecurityContextHolderFilter@12046998, org.springframework.security.web.header.HeaderWriterFilter@5d676a02, org.springframework.web.filter.CorsFilter@541d4d9f, org.springframework.security.web.authentication.logout.LogoutFilter@690506b0, org.springframework.security.oauth2.client.web.OAuth2AuthorizationRequestRedirectFilter@63e31b89, org.springframework.security.oauth2.client.web.OAuth2LoginAuthenticationFilter@143dc03a, org.springframework.security.web.authentication.ui.DefaultLoginPageGeneratingFilter@5c1a728, org.springframework.security.web.authentication.ui.DefaultLogoutPageGeneratingFilter@50d640dd, org.springframework.security.oauth2.server.resource.web.authentication.BearerTokenAuthenticationFilter@45970ee8, org.springframework.security.web.savedrequest.RequestCacheAwareFilter@745526a0, org.springframework.security.web.servletapi.SecurityContextHolderAwareRequestFilter@4a5d8ae4, org.springframework.security.web.authentication.AnonymousAuthenticationFilter@2a1066ed, org.springframework.security.web.session.SessionManagementFilter@2c6c67e0, org.springframework.security.web.access.ExceptionTranslationFilter@46bf0d38, org.springframework.security.web.access.intercept.AuthorizationFilter@47d9bdf4] 
.15:55:20.906 INFO  o.a.coyote.http11.Http11NioProtocol - Starting ProtocolHandler ["http-nio-8080"] 
.15:55:20.912 INFO  o.s.b.w.e.tomcat.TomcatWebServer - Tomcat started on port 8080 (http) with context path '' 
.15:55:20.916 INFO  z.c.reikan.loans.LoansApiApplication - Started LoansApiApplication in 4.187 seconds (process running for 4.552) 
.15:55:20.917 INFO  zw.co.reikan.loans.core.StartupTask - Attempting to create Innbucks default merchant service 
.15:55:20.949 WARN  zw.co.reikan.loans.core.StartupTask - Merchant with merchant code innbucks-2562-4f1f-b961-c546ea7c0481 already exists 
zw.co.reikan.loans.core.exception.ValidationException: Merchant with merchant code innbucks-2562-4f1f-b961-c546ea7c0481 already exists
	at zw.co.reikan.loans.core.merchant.MerchantService.validateRequest(MerchantService.java:63)
	at zw.co.reikan.loans.core.merchant.MerchantService.createMerchant(MerchantService.java:35)
	at java.base/jdk.internal.reflect.NativeMethodAccessorImpl.invoke0(Native Method)
	at java.base/jdk.internal.reflect.NativeMethodAccessorImpl.invoke(NativeMethodAccessorImpl.java:77)
	at java.base/jdk.internal.reflect.DelegatingMethodAccessorImpl.invoke(DelegatingMethodAccessorImpl.java:43)
	at java.base/java.lang.reflect.Method.invoke(Method.java:568)
	at org.springframework.aop.support.AopUtils.invokeJoinpointUsingReflection(AopUtils.java:351)
	at org.springframework.aop.framework.ReflectiveMethodInvocation.invokeJoinpoint(ReflectiveMethodInvocation.java:196)
	at org.springframework.aop.framework.ReflectiveMethodInvocation.proceed(ReflectiveMethodInvocation.java:163)
	at org.springframework.aop.framework.CglibAopProxy$CglibMethodInvocation.proceed(CglibAopProxy.java:765)
	at org.springframework.transaction.interceptor.TransactionInterceptor$1.proceedWithInvocation(TransactionInterceptor.java:123)
	at org.springframework.transaction.interceptor.TransactionAspectSupport.invokeWithinTransaction(TransactionAspectSupport.java:385)
	at org.springframework.transaction.interceptor.TransactionInterceptor.invoke(TransactionInterceptor.java:119)
	at org.springframework.aop.framework.ReflectiveMethodInvocation.proceed(ReflectiveMethodInvocation.java:184)
	at org.springframework.aop.framework.CglibAopProxy$CglibMethodInvocation.proceed(CglibAopProxy.java:765)
	at org.springframework.aop.framework.CglibAopProxy$DynamicAdvisedInterceptor.intercept(CglibAopProxy.java:717)
	at zw.co.reikan.loans.core.merchant.MerchantService$$SpringCGLIB$$0.createMerchant(<generated>)
	at zw.co.reikan.loans.core.StartupTask.run(StartupTask.java:25)
	at org.springframework.boot.SpringApplication.lambda$callRunner$5(SpringApplication.java:790)
	at org.springframework.util.function.ThrowingConsumer$1.acceptWithException(ThrowingConsumer.java:83)
	at org.springframework.util.function.ThrowingConsumer.accept(ThrowingConsumer.java:60)
	at org.springframework.util.function.ThrowingConsumer$1.accept(ThrowingConsumer.java:88)
	at org.springframework.boot.SpringApplication.callRunner(SpringApplication.java:798)
	at org.springframework.boot.SpringApplication.callRunner(SpringApplication.java:789)
	at org.springframework.boot.SpringApplication.lambda$callRunners$3(SpringApplication.java:774)
	at java.base/java.util.stream.ForEachOps$ForEachOp$OfRef.accept(ForEachOps.java:183)
	at java.base/java.util.stream.SortedOps$SizedRefSortingSink.end(SortedOps.java:357)
	at java.base/java.util.stream.AbstractPipeline.copyInto(AbstractPipeline.java:510)
	at java.base/java.util.stream.AbstractPipeline.wrapAndCopyInto(AbstractPipeline.java:499)
	at java.base/java.util.stream.ForEachOps$ForEachOp.evaluateSequential(ForEachOps.java:150)
	at java.base/java.util.stream.ForEachOps$ForEachOp$OfRef.evaluateSequential(ForEachOps.java:173)
	at java.base/java.util.stream.AbstractPipeline.evaluate(AbstractPipeline.java:234)
	at java.base/java.util.stream.ReferencePipeline.forEach(ReferencePipeline.java:596)
	at org.springframework.boot.SpringApplication.callRunners(SpringApplication.java:774)
	at org.springframework.boot.SpringApplication.run(SpringApplication.java:341)
	at org.springframework.boot.SpringApplication.run(SpringApplication.java:1354)
	at org.springframework.boot.SpringApplication.run(SpringApplication.java:1343)
	at zw.co.reikan.loans.LoansApiApplication.main(LoansApiApplication.java:44)
.15:56:35.295 INFO  o.s.o.j.LocalContainerEntityManagerFactoryBean - Closing JPA EntityManagerFactory for persistence unit 'default' 
.15:56:35.297 INFO  com.zaxxer.hikari.HikariDataSource - HikariPool-1 - Shutdown initiated... 
.15:56:35.299 INFO  com.zaxxer.hikari.HikariDataSource - HikariPool-1 - Shutdown completed. 
.15:56:36.432 INFO  z.c.reikan.loans.LoansApiApplication - Starting LoansApiApplication using Java 17.0.12 with PID 50322 (/Users/thomasnyagwaya/Code/getsol/bulkit-loans/loans-api/target/classes started by thomasnyagwaya in /Users/thomasnyagwaya/Code/getsol/bulkit-loans) 
.15:56:36.433 INFO  z.c.reikan.loans.LoansApiApplication - The following 1 profile is active: "api" 
.15:56:36.807 INFO  o.s.d.r.c.RepositoryConfigurationDelegate - Bootstrapping Spring Data JPA repositories in DEFAULT mode. 
.15:56:36.851 INFO  o.s.d.r.c.RepositoryConfigurationDelegate - Finished Spring Data repository scanning in 41 ms. Found 8 JPA repository interfaces. 
.15:56:37.102 INFO  o.s.b.w.e.tomcat.TomcatWebServer - Tomcat initialized with port 8080 (http) 
.15:56:37.106 INFO  o.a.coyote.http11.Http11NioProtocol - Initializing ProtocolHandler ["http-nio-8080"] 
.15:56:37.107 INFO  o.a.catalina.core.StandardService - Starting service [Tomcat] 
.15:56:37.107 INFO  o.a.catalina.core.StandardEngine - Starting Servlet engine: [Apache Tomcat/10.1.18] 
.15:56:37.142 INFO  o.a.c.c.C.[Tomcat].[localhost].[/] - Initializing Spring embedded WebApplicationContext 
.15:56:37.143 INFO  o.s.b.w.s.c.ServletWebServerApplicationContext - Root WebApplicationContext: initialization completed in 690 ms 
.15:56:37.212 INFO  o.h.jpa.internal.util.LogHelper - HHH000204: Processing PersistenceUnitInfo [name: default] 
.15:56:37.230 INFO  org.hibernate.Version - HHH000412: Hibernate ORM core version 6.4.1.Final 
.15:56:37.241 INFO  o.h.c.i.RegionFactoryInitiator - HHH000026: Second-level cache disabled 
.15:56:37.310 INFO  o.s.o.j.p.SpringPersistenceUnitInfo - No LoadTimeWeaver setup: ignoring JPA class transformer 
.15:56:37.321 INFO  com.zaxxer.hikari.HikariDataSource - HikariPool-1 - Starting... 
.15:56:37.447 INFO  com.zaxxer.hikari.pool.HikariPool - HikariPool-1 - Added connection com.mysql.cj.jdbc.ConnectionImpl@1de6dc80 
.15:56:37.447 INFO  com.zaxxer.hikari.HikariDataSource - HikariPool-1 - Start completed. 
.15:56:37.464 WARN  org.hibernate.orm.deprecation - HHH90000025: MySQL8Dialect does not need to be specified explicitly using 'hibernate.dialect' (remove the property setting and it will be selected by default) 
.15:56:37.464 WARN  org.hibernate.orm.deprecation - HHH90000026: MySQL8Dialect has been deprecated; use org.hibernate.dialect.MySQLDialect instead 
.15:56:37.860 INFO  o.h.e.t.j.p.i.JtaPlatformInitiator - HHH000489: No JTA platform available (set 'hibernate.transaction.jta.platform' to enable JTA platform integration) 
.15:56:37.896 WARN  o.h.t.s.i.ExceptionHandlerLoggedImpl - GenerationTarget encountered exception accepting command : Error executing DDL "alter table `loan_request` modify column `signature` `MEDIUMTEXT`" via JDBC [You have an error in your SQL syntax; check the manual that corresponds to your MySQL server version for the right syntax to use near '`MEDIUMTEXT`' at line 1] 
org.hibernate.tool.schema.spi.CommandAcceptanceException: Error executing DDL "alter table `loan_request` modify column `signature` `MEDIUMTEXT`" via JDBC [You have an error in your SQL syntax; check the manual that corresponds to your MySQL server version for the right syntax to use near '`MEDIUMTEXT`' at line 1]
	at org.hibernate.tool.schema.internal.exec.GenerationTargetToDatabase.accept(GenerationTargetToDatabase.java:94)
	at org.hibernate.tool.schema.internal.AbstractSchemaMigrator.applySqlString(AbstractSchemaMigrator.java:574)
	at org.hibernate.tool.schema.internal.AbstractSchemaMigrator.applySqlStrings(AbstractSchemaMigrator.java:514)
	at org.hibernate.tool.schema.internal.AbstractSchemaMigrator.migrateTable(AbstractSchemaMigrator.java:333)
	at org.hibernate.tool.schema.internal.GroupedSchemaMigratorImpl.performTablesMigration(GroupedSchemaMigratorImpl.java:84)
	at org.hibernate.tool.schema.internal.AbstractSchemaMigrator.performMigration(AbstractSchemaMigrator.java:232)
	at org.hibernate.tool.schema.internal.AbstractSchemaMigrator.doMigration(AbstractSchemaMigrator.java:117)
	at org.hibernate.tool.schema.spi.SchemaManagementToolCoordinator.performDatabaseAction(SchemaManagementToolCoordinator.java:286)
	at org.hibernate.tool.schema.spi.SchemaManagementToolCoordinator.lambda$process$5(SchemaManagementToolCoordinator.java:145)
	at java.base/java.util.HashMap.forEach(HashMap.java:1421)
	at org.hibernate.tool.schema.spi.SchemaManagementToolCoordinator.process(SchemaManagementToolCoordinator.java:142)
	at org.hibernate.boot.internal.SessionFactoryObserverForSchemaExport.sessionFactoryCreated(SessionFactoryObserverForSchemaExport.java:37)
	at org.hibernate.internal.SessionFactoryObserverChain.sessionFactoryCreated(SessionFactoryObserverChain.java:35)
	at org.hibernate.internal.SessionFactoryImpl.<init>(SessionFactoryImpl.java:315)
	at org.hibernate.boot.internal.SessionFactoryBuilderImpl.build(SessionFactoryBuilderImpl.java:450)
	at org.hibernate.jpa.boot.internal.EntityManagerFactoryBuilderImpl.build(EntityManagerFactoryBuilderImpl.java:1507)
	at org.springframework.orm.jpa.vendor.SpringHibernateJpaPersistenceProvider.createContainerEntityManagerFactory(SpringHibernateJpaPersistenceProvider.java:75)
	at org.springframework.orm.jpa.LocalContainerEntityManagerFactoryBean.createNativeEntityManagerFactory(LocalContainerEntityManagerFactoryBean.java:376)
	at org.springframework.orm.jpa.AbstractEntityManagerFactoryBean.buildNativeEntityManagerFactory(AbstractEntityManagerFactoryBean.java:409)
	at org.springframework.orm.jpa.AbstractEntityManagerFactoryBean.afterPropertiesSet(AbstractEntityManagerFactoryBean.java:396)
	at org.springframework.orm.jpa.LocalContainerEntityManagerFactoryBean.afterPropertiesSet(LocalContainerEntityManagerFactoryBean.java:352)
	at org.springframework.beans.factory.support.AbstractAutowireCapableBeanFactory.invokeInitMethods(AbstractAutowireCapableBeanFactory.java:1820)
	at org.springframework.beans.factory.support.AbstractAutowireCapableBeanFactory.initializeBean(AbstractAutowireCapableBeanFactory.java:1769)
	at org.springframework.beans.factory.support.AbstractAutowireCapableBeanFactory.doCreateBean(AbstractAutowireCapableBeanFactory.java:599)
	at org.springframework.beans.factory.support.AbstractAutowireCapableBeanFactory.createBean(AbstractAutowireCapableBeanFactory.java:521)
	at org.springframework.beans.factory.support.AbstractBeanFactory.lambda$doGetBean$0(AbstractBeanFactory.java:325)
	at org.springframework.beans.factory.support.DefaultSingletonBeanRegistry.getSingleton(DefaultSingletonBeanRegistry.java:234)
	at org.springframework.beans.factory.support.AbstractBeanFactory.doGetBean(AbstractBeanFactory.java:323)
	at org.springframework.beans.factory.support.AbstractBeanFactory.getBean(AbstractBeanFactory.java:199)
	at org.springframework.context.support.AbstractApplicationContext.getBean(AbstractApplicationContext.java:1231)
	at org.springframework.context.support.AbstractApplicationContext.finishBeanFactoryInitialization(AbstractApplicationContext.java:949)
	at org.springframework.context.support.AbstractApplicationContext.refresh(AbstractApplicationContext.java:624)
	at org.springframework.boot.web.servlet.context.ServletWebServerApplicationContext.refresh(ServletWebServerApplicationContext.java:146)
	at org.springframework.boot.SpringApplication.refresh(SpringApplication.java:754)
	at org.springframework.boot.SpringApplication.refreshContext(SpringApplication.java:456)
	at org.springframework.boot.SpringApplication.run(SpringApplication.java:334)
	at org.springframework.boot.SpringApplication.run(SpringApplication.java:1354)
	at org.springframework.boot.SpringApplication.run(SpringApplication.java:1343)
	at zw.co.reikan.loans.LoansApiApplication.main(LoansApiApplication.java:44)
Caused by: java.sql.SQLSyntaxErrorException: You have an error in your SQL syntax; check the manual that corresponds to your MySQL server version for the right syntax to use near '`MEDIUMTEXT`' at line 1
	at com.mysql.cj.jdbc.exceptions.SQLError.createSQLException(SQLError.java:121)
	at com.mysql.cj.jdbc.exceptions.SQLExceptionsMapping.translateException(SQLExceptionsMapping.java:122)
	at com.mysql.cj.jdbc.StatementImpl.executeInternal(StatementImpl.java:770)
	at com.mysql.cj.jdbc.StatementImpl.execute(StatementImpl.java:653)
	at com.zaxxer.hikari.pool.ProxyStatement.execute(ProxyStatement.java:94)
	at com.zaxxer.hikari.pool.HikariProxyStatement.execute(HikariProxyStatement.java)
	at org.hibernate.tool.schema.internal.exec.GenerationTargetToDatabase.accept(GenerationTargetToDatabase.java:80)
	... 38 common frames omitted
.15:56:37.897 WARN  o.h.t.s.i.ExceptionHandlerLoggedImpl - GenerationTarget encountered exception accepting command : Error executing DDL "alter table `loan_request` modify column `witness_signature` `MEDIUMTEXT`" via JDBC [You have an error in your SQL syntax; check the manual that corresponds to your MySQL server version for the right syntax to use near '`MEDIUMTEXT`' at line 1] 
org.hibernate.tool.schema.spi.CommandAcceptanceException: Error executing DDL "alter table `loan_request` modify column `witness_signature` `MEDIUMTEXT`" via JDBC [You have an error in your SQL syntax; check the manual that corresponds to your MySQL server version for the right syntax to use near '`MEDIUMTEXT`' at line 1]
	at org.hibernate.tool.schema.internal.exec.GenerationTargetToDatabase.accept(GenerationTargetToDatabase.java:94)
	at org.hibernate.tool.schema.internal.AbstractSchemaMigrator.applySqlString(AbstractSchemaMigrator.java:574)
	at org.hibernate.tool.schema.internal.AbstractSchemaMigrator.applySqlStrings(AbstractSchemaMigrator.java:514)
	at org.hibernate.tool.schema.internal.AbstractSchemaMigrator.migrateTable(AbstractSchemaMigrator.java:333)
	at org.hibernate.tool.schema.internal.GroupedSchemaMigratorImpl.performTablesMigration(GroupedSchemaMigratorImpl.java:84)
	at org.hibernate.tool.schema.internal.AbstractSchemaMigrator.performMigration(AbstractSchemaMigrator.java:232)
	at org.hibernate.tool.schema.internal.AbstractSchemaMigrator.doMigration(AbstractSchemaMigrator.java:117)
	at org.hibernate.tool.schema.spi.SchemaManagementToolCoordinator.performDatabaseAction(SchemaManagementToolCoordinator.java:286)
	at org.hibernate.tool.schema.spi.SchemaManagementToolCoordinator.lambda$process$5(SchemaManagementToolCoordinator.java:145)
	at java.base/java.util.HashMap.forEach(HashMap.java:1421)
	at org.hibernate.tool.schema.spi.SchemaManagementToolCoordinator.process(SchemaManagementToolCoordinator.java:142)
	at org.hibernate.boot.internal.SessionFactoryObserverForSchemaExport.sessionFactoryCreated(SessionFactoryObserverForSchemaExport.java:37)
	at org.hibernate.internal.SessionFactoryObserverChain.sessionFactoryCreated(SessionFactoryObserverChain.java:35)
	at org.hibernate.internal.SessionFactoryImpl.<init>(SessionFactoryImpl.java:315)
	at org.hibernate.boot.internal.SessionFactoryBuilderImpl.build(SessionFactoryBuilderImpl.java:450)
	at org.hibernate.jpa.boot.internal.EntityManagerFactoryBuilderImpl.build(EntityManagerFactoryBuilderImpl.java:1507)
	at org.springframework.orm.jpa.vendor.SpringHibernateJpaPersistenceProvider.createContainerEntityManagerFactory(SpringHibernateJpaPersistenceProvider.java:75)
	at org.springframework.orm.jpa.LocalContainerEntityManagerFactoryBean.createNativeEntityManagerFactory(LocalContainerEntityManagerFactoryBean.java:376)
	at org.springframework.orm.jpa.AbstractEntityManagerFactoryBean.buildNativeEntityManagerFactory(AbstractEntityManagerFactoryBean.java:409)
	at org.springframework.orm.jpa.AbstractEntityManagerFactoryBean.afterPropertiesSet(AbstractEntityManagerFactoryBean.java:396)
	at org.springframework.orm.jpa.LocalContainerEntityManagerFactoryBean.afterPropertiesSet(LocalContainerEntityManagerFactoryBean.java:352)
	at org.springframework.beans.factory.support.AbstractAutowireCapableBeanFactory.invokeInitMethods(AbstractAutowireCapableBeanFactory.java:1820)
	at org.springframework.beans.factory.support.AbstractAutowireCapableBeanFactory.initializeBean(AbstractAutowireCapableBeanFactory.java:1769)
	at org.springframework.beans.factory.support.AbstractAutowireCapableBeanFactory.doCreateBean(AbstractAutowireCapableBeanFactory.java:599)
	at org.springframework.beans.factory.support.AbstractAutowireCapableBeanFactory.createBean(AbstractAutowireCapableBeanFactory.java:521)
	at org.springframework.beans.factory.support.AbstractBeanFactory.lambda$doGetBean$0(AbstractBeanFactory.java:325)
	at org.springframework.beans.factory.support.DefaultSingletonBeanRegistry.getSingleton(DefaultSingletonBeanRegistry.java:234)
	at org.springframework.beans.factory.support.AbstractBeanFactory.doGetBean(AbstractBeanFactory.java:323)
	at org.springframework.beans.factory.support.AbstractBeanFactory.getBean(AbstractBeanFactory.java:199)
	at org.springframework.context.support.AbstractApplicationContext.getBean(AbstractApplicationContext.java:1231)
	at org.springframework.context.support.AbstractApplicationContext.finishBeanFactoryInitialization(AbstractApplicationContext.java:949)
	at org.springframework.context.support.AbstractApplicationContext.refresh(AbstractApplicationContext.java:624)
	at org.springframework.boot.web.servlet.context.ServletWebServerApplicationContext.refresh(ServletWebServerApplicationContext.java:146)
	at org.springframework.boot.SpringApplication.refresh(SpringApplication.java:754)
	at org.springframework.boot.SpringApplication.refreshContext(SpringApplication.java:456)
	at org.springframework.boot.SpringApplication.run(SpringApplication.java:334)
	at org.springframework.boot.SpringApplication.run(SpringApplication.java:1354)
	at org.springframework.boot.SpringApplication.run(SpringApplication.java:1343)
	at zw.co.reikan.loans.LoansApiApplication.main(LoansApiApplication.java:44)
Caused by: java.sql.SQLSyntaxErrorException: You have an error in your SQL syntax; check the manual that corresponds to your MySQL server version for the right syntax to use near '`MEDIUMTEXT`' at line 1
	at com.mysql.cj.jdbc.exceptions.SQLError.createSQLException(SQLError.java:121)
	at com.mysql.cj.jdbc.exceptions.SQLExceptionsMapping.translateException(SQLExceptionsMapping.java:122)
	at com.mysql.cj.jdbc.StatementImpl.executeInternal(StatementImpl.java:770)
	at com.mysql.cj.jdbc.StatementImpl.execute(StatementImpl.java:653)
	at com.zaxxer.hikari.pool.ProxyStatement.execute(ProxyStatement.java:94)
	at com.zaxxer.hikari.pool.HikariProxyStatement.execute(HikariProxyStatement.java)
	at org.hibernate.tool.schema.internal.exec.GenerationTargetToDatabase.accept(GenerationTargetToDatabase.java:80)
	... 38 common frames omitted
.15:56:37.967 INFO  o.s.o.j.LocalContainerEntityManagerFactoryBean - Initialized JPA EntityManagerFactory for persistence unit 'default' 
.15:56:37.977 INFO  z.c.r.l.core.config.SecurityConfig - Creating keyclok: username: admin, password: admin@Keyc1oaK 
.15:56:38.204 INFO  o.s.d.j.r.query.QueryEnhancerFactory - Hibernate is in classpath; If applicable, HQL parser will be used. 
.15:56:39.972 INFO  o.s.s.web.DefaultSecurityFilterChain - Will secure Or [Mvc [pattern='/auth/**'], Mvc [pattern='/v3/api-docs/**'], Mvc [pattern='/swagger-ui/**'], Mvc [pattern='/swagger-ui.html'], Mvc [pattern='/spec.html'], Mvc [pattern='/swagger-resources/**'], Mvc [pattern='/configuration/security']] with [org.springframework.security.web.session.DisableEncodeUrlFilter@4b0f5c72, org.springframework.security.web.context.request.async.WebAsyncManagerIntegrationFilter@1635b03f, org.springframework.security.web.context.SecurityContextHolderFilter@23ef226d, org.springframework.security.web.header.HeaderWriterFilter@7a2daa29, org.springframework.web.filter.CorsFilter@3d40498a, org.springframework.security.web.csrf.CsrfFilter@508d0d9a, org.springframework.security.web.authentication.logout.LogoutFilter@12f35f55, org.springframework.security.web.savedrequest.RequestCacheAwareFilter@726e142d, org.springframework.security.web.servletapi.SecurityContextHolderAwareRequestFilter@4aa5a13a, org.springframework.security.web.authentication.AnonymousAuthenticationFilter@7667fc76, org.springframework.security.web.access.ExceptionTranslationFilter@4c5a9ddc, org.springframework.security.web.access.intercept.AuthorizationFilter@6b916473] 
.15:56:39.995 INFO  o.s.s.web.DefaultSecurityFilterChain - Will secure Or [Mvc [pattern='/api/**']] with [org.springframework.security.web.session.DisableEncodeUrlFilter@357eb0a0, org.springframework.security.web.context.request.async.WebAsyncManagerIntegrationFilter@27d3a440, org.springframework.security.web.context.SecurityContextHolderFilter@3ee640fa, org.springframework.security.web.header.HeaderWriterFilter@7d4f8b15, org.springframework.web.filter.CorsFilter@3d40498a, org.springframework.security.web.authentication.logout.LogoutFilter@76d11298, org.springframework.security.oauth2.client.web.OAuth2AuthorizationRequestRedirectFilter@46d52510, org.springframework.security.oauth2.client.web.OAuth2LoginAuthenticationFilter@70653088, org.springframework.security.web.authentication.ui.DefaultLoginPageGeneratingFilter@4668f98c, org.springframework.security.web.authentication.ui.DefaultLogoutPageGeneratingFilter@11a43807, org.springframework.security.oauth2.server.resource.web.authentication.BearerTokenAuthenticationFilter@e5a654f, org.springframework.security.web.savedrequest.RequestCacheAwareFilter@3f706310, org.springframework.security.web.servletapi.SecurityContextHolderAwareRequestFilter@fce6355, org.springframework.security.web.authentication.AnonymousAuthenticationFilter@489cbbcb, org.springframework.security.web.session.SessionManagementFilter@23cd4444, org.springframework.security.web.access.ExceptionTranslationFilter@34453e71, org.springframework.security.web.access.intercept.AuthorizationFilter@bdc2f96] 
.15:56:40.108 INFO  o.a.coyote.http11.Http11NioProtocol - Starting ProtocolHandler ["http-nio-8080"] 
.15:56:40.113 INFO  o.s.b.w.e.tomcat.TomcatWebServer - Tomcat started on port 8080 (http) with context path '' 
.15:56:40.118 INFO  z.c.reikan.loans.LoansApiApplication - Started LoansApiApplication in 3.822 seconds (process running for 4.119) 
.15:56:40.119 INFO  zw.co.reikan.loans.core.StartupTask - Attempting to create Innbucks default merchant service 
.15:56:40.149 WARN  zw.co.reikan.loans.core.StartupTask - Merchant with merchant code innbucks-2562-4f1f-b961-c546ea7c0481 already exists 
zw.co.reikan.loans.core.exception.ValidationException: Merchant with merchant code innbucks-2562-4f1f-b961-c546ea7c0481 already exists
	at zw.co.reikan.loans.core.merchant.MerchantService.validateRequest(MerchantService.java:63)
	at zw.co.reikan.loans.core.merchant.MerchantService.createMerchant(MerchantService.java:35)
	at java.base/jdk.internal.reflect.NativeMethodAccessorImpl.invoke0(Native Method)
	at java.base/jdk.internal.reflect.NativeMethodAccessorImpl.invoke(NativeMethodAccessorImpl.java:77)
	at java.base/jdk.internal.reflect.DelegatingMethodAccessorImpl.invoke(DelegatingMethodAccessorImpl.java:43)
	at java.base/java.lang.reflect.Method.invoke(Method.java:568)
	at org.springframework.aop.support.AopUtils.invokeJoinpointUsingReflection(AopUtils.java:351)
	at org.springframework.aop.framework.ReflectiveMethodInvocation.invokeJoinpoint(ReflectiveMethodInvocation.java:196)
	at org.springframework.aop.framework.ReflectiveMethodInvocation.proceed(ReflectiveMethodInvocation.java:163)
	at org.springframework.aop.framework.CglibAopProxy$CglibMethodInvocation.proceed(CglibAopProxy.java:765)
	at org.springframework.transaction.interceptor.TransactionInterceptor$1.proceedWithInvocation(TransactionInterceptor.java:123)
	at org.springframework.transaction.interceptor.TransactionAspectSupport.invokeWithinTransaction(TransactionAspectSupport.java:385)
	at org.springframework.transaction.interceptor.TransactionInterceptor.invoke(TransactionInterceptor.java:119)
	at org.springframework.aop.framework.ReflectiveMethodInvocation.proceed(ReflectiveMethodInvocation.java:184)
	at org.springframework.aop.framework.CglibAopProxy$CglibMethodInvocation.proceed(CglibAopProxy.java:765)
	at org.springframework.aop.framework.CglibAopProxy$DynamicAdvisedInterceptor.intercept(CglibAopProxy.java:717)
	at zw.co.reikan.loans.core.merchant.MerchantService$$SpringCGLIB$$0.createMerchant(<generated>)
	at zw.co.reikan.loans.core.StartupTask.run(StartupTask.java:25)
	at org.springframework.boot.SpringApplication.lambda$callRunner$5(SpringApplication.java:790)
	at org.springframework.util.function.ThrowingConsumer$1.acceptWithException(ThrowingConsumer.java:83)
	at org.springframework.util.function.ThrowingConsumer.accept(ThrowingConsumer.java:60)
	at org.springframework.util.function.ThrowingConsumer$1.accept(ThrowingConsumer.java:88)
	at org.springframework.boot.SpringApplication.callRunner(SpringApplication.java:798)
	at org.springframework.boot.SpringApplication.callRunner(SpringApplication.java:789)
	at org.springframework.boot.SpringApplication.lambda$callRunners$3(SpringApplication.java:774)
	at java.base/java.util.stream.ForEachOps$ForEachOp$OfRef.accept(ForEachOps.java:183)
	at java.base/java.util.stream.SortedOps$SizedRefSortingSink.end(SortedOps.java:357)
	at java.base/java.util.stream.AbstractPipeline.copyInto(AbstractPipeline.java:510)
	at java.base/java.util.stream.AbstractPipeline.wrapAndCopyInto(AbstractPipeline.java:499)
	at java.base/java.util.stream.ForEachOps$ForEachOp.evaluateSequential(ForEachOps.java:150)
	at java.base/java.util.stream.ForEachOps$ForEachOp$OfRef.evaluateSequential(ForEachOps.java:173)
	at java.base/java.util.stream.AbstractPipeline.evaluate(AbstractPipeline.java:234)
	at java.base/java.util.stream.ReferencePipeline.forEach(ReferencePipeline.java:596)
	at org.springframework.boot.SpringApplication.callRunners(SpringApplication.java:774)
	at org.springframework.boot.SpringApplication.run(SpringApplication.java:341)
	at org.springframework.boot.SpringApplication.run(SpringApplication.java:1354)
	at org.springframework.boot.SpringApplication.run(SpringApplication.java:1343)
	at zw.co.reikan.loans.LoansApiApplication.main(LoansApiApplication.java:44)
.16:11:29.026 INFO  z.c.reikan.loans.LoansApiApplication - Starting LoansApiApplication using Java 17.0.12 with PID 1518 (/Users/thomasnyagwaya/Code/getsol/bulkit-loans/loans-api/target/classes started by thomasnyagwaya in /Users/thomasnyagwaya/Code/getsol/bulkit-loans) 
.16:11:29.027 INFO  z.c.reikan.loans.LoansApiApplication - The following 1 profile is active: "api" 
.16:11:29.391 INFO  o.s.d.r.c.RepositoryConfigurationDelegate - Bootstrapping Spring Data JPA repositories in DEFAULT mode. 
.16:11:29.425 INFO  o.s.d.r.c.RepositoryConfigurationDelegate - Finished Spring Data repository scanning in 31 ms. Found 8 JPA repository interfaces. 
.16:11:29.648 INFO  o.s.b.w.e.tomcat.TomcatWebServer - Tomcat initialized with port 8080 (http) 
.16:11:29.652 INFO  o.a.coyote.http11.Http11NioProtocol - Initializing ProtocolHandler ["http-nio-8080"] 
.16:11:29.653 INFO  o.a.catalina.core.StandardService - Starting service [Tomcat] 
.16:11:29.653 INFO  o.a.catalina.core.StandardEngine - Starting Servlet engine: [Apache Tomcat/10.1.18] 
.16:11:29.672 INFO  o.a.c.c.C.[Tomcat].[localhost].[/] - Initializing Spring embedded WebApplicationContext 
.16:11:29.672 INFO  o.s.b.w.s.c.ServletWebServerApplicationContext - Root WebApplicationContext: initialization completed in 626 ms 
.16:11:29.743 INFO  o.h.jpa.internal.util.LogHelper - HHH000204: Processing PersistenceUnitInfo [name: default] 
.16:11:29.767 INFO  org.hibernate.Version - HHH000412: Hibernate ORM core version 6.4.1.Final 
.16:11:29.781 INFO  o.h.c.i.RegionFactoryInitiator - HHH000026: Second-level cache disabled 
.16:11:29.882 INFO  o.s.o.j.p.SpringPersistenceUnitInfo - No LoadTimeWeaver setup: ignoring JPA class transformer 
.16:11:29.895 INFO  com.zaxxer.hikari.HikariDataSource - HikariPool-1 - Starting... 
.16:11:30.041 INFO  com.zaxxer.hikari.pool.HikariPool - HikariPool-1 - Added connection com.mysql.cj.jdbc.ConnectionImpl@19d76106 
.16:11:30.042 INFO  com.zaxxer.hikari.HikariDataSource - HikariPool-1 - Start completed. 
.16:11:30.064 WARN  org.hibernate.orm.deprecation - HHH90000025: MySQL8Dialect does not need to be specified explicitly using 'hibernate.dialect' (remove the property setting and it will be selected by default) 
.16:11:30.064 WARN  org.hibernate.orm.deprecation - HHH90000026: MySQL8Dialect has been deprecated; use org.hibernate.dialect.MySQLDialect instead 
.16:11:30.491 INFO  o.h.e.t.j.p.i.JtaPlatformInitiator - HHH000489: No JTA platform available (set 'hibernate.transaction.jta.platform' to enable JTA platform integration) 
.16:11:30.530 WARN  o.h.t.s.i.ExceptionHandlerLoggedImpl - GenerationTarget encountered exception accepting command : Error executing DDL "alter table `loan_request` modify column `signature` `MEDIUMTEXT`" via JDBC [You have an error in your SQL syntax; check the manual that corresponds to your MySQL server version for the right syntax to use near '`MEDIUMTEXT`' at line 1] 
org.hibernate.tool.schema.spi.CommandAcceptanceException: Error executing DDL "alter table `loan_request` modify column `signature` `MEDIUMTEXT`" via JDBC [You have an error in your SQL syntax; check the manual that corresponds to your MySQL server version for the right syntax to use near '`MEDIUMTEXT`' at line 1]
	at org.hibernate.tool.schema.internal.exec.GenerationTargetToDatabase.accept(GenerationTargetToDatabase.java:94)
	at org.hibernate.tool.schema.internal.AbstractSchemaMigrator.applySqlString(AbstractSchemaMigrator.java:574)
	at org.hibernate.tool.schema.internal.AbstractSchemaMigrator.applySqlStrings(AbstractSchemaMigrator.java:514)
	at org.hibernate.tool.schema.internal.AbstractSchemaMigrator.migrateTable(AbstractSchemaMigrator.java:333)
	at org.hibernate.tool.schema.internal.GroupedSchemaMigratorImpl.performTablesMigration(GroupedSchemaMigratorImpl.java:84)
	at org.hibernate.tool.schema.internal.AbstractSchemaMigrator.performMigration(AbstractSchemaMigrator.java:232)
	at org.hibernate.tool.schema.internal.AbstractSchemaMigrator.doMigration(AbstractSchemaMigrator.java:117)
	at org.hibernate.tool.schema.spi.SchemaManagementToolCoordinator.performDatabaseAction(SchemaManagementToolCoordinator.java:286)
	at org.hibernate.tool.schema.spi.SchemaManagementToolCoordinator.lambda$process$5(SchemaManagementToolCoordinator.java:145)
	at java.base/java.util.HashMap.forEach(HashMap.java:1421)
	at org.hibernate.tool.schema.spi.SchemaManagementToolCoordinator.process(SchemaManagementToolCoordinator.java:142)
	at org.hibernate.boot.internal.SessionFactoryObserverForSchemaExport.sessionFactoryCreated(SessionFactoryObserverForSchemaExport.java:37)
	at org.hibernate.internal.SessionFactoryObserverChain.sessionFactoryCreated(SessionFactoryObserverChain.java:35)
	at org.hibernate.internal.SessionFactoryImpl.<init>(SessionFactoryImpl.java:315)
	at org.hibernate.boot.internal.SessionFactoryBuilderImpl.build(SessionFactoryBuilderImpl.java:450)
	at org.hibernate.jpa.boot.internal.EntityManagerFactoryBuilderImpl.build(EntityManagerFactoryBuilderImpl.java:1507)
	at org.springframework.orm.jpa.vendor.SpringHibernateJpaPersistenceProvider.createContainerEntityManagerFactory(SpringHibernateJpaPersistenceProvider.java:75)
	at org.springframework.orm.jpa.LocalContainerEntityManagerFactoryBean.createNativeEntityManagerFactory(LocalContainerEntityManagerFactoryBean.java:376)
	at org.springframework.orm.jpa.AbstractEntityManagerFactoryBean.buildNativeEntityManagerFactory(AbstractEntityManagerFactoryBean.java:409)
	at org.springframework.orm.jpa.AbstractEntityManagerFactoryBean.afterPropertiesSet(AbstractEntityManagerFactoryBean.java:396)
	at org.springframework.orm.jpa.LocalContainerEntityManagerFactoryBean.afterPropertiesSet(LocalContainerEntityManagerFactoryBean.java:352)
	at org.springframework.beans.factory.support.AbstractAutowireCapableBeanFactory.invokeInitMethods(AbstractAutowireCapableBeanFactory.java:1820)
	at org.springframework.beans.factory.support.AbstractAutowireCapableBeanFactory.initializeBean(AbstractAutowireCapableBeanFactory.java:1769)
	at org.springframework.beans.factory.support.AbstractAutowireCapableBeanFactory.doCreateBean(AbstractAutowireCapableBeanFactory.java:599)
	at org.springframework.beans.factory.support.AbstractAutowireCapableBeanFactory.createBean(AbstractAutowireCapableBeanFactory.java:521)
	at org.springframework.beans.factory.support.AbstractBeanFactory.lambda$doGetBean$0(AbstractBeanFactory.java:325)
	at org.springframework.beans.factory.support.DefaultSingletonBeanRegistry.getSingleton(DefaultSingletonBeanRegistry.java:234)
	at org.springframework.beans.factory.support.AbstractBeanFactory.doGetBean(AbstractBeanFactory.java:323)
	at org.springframework.beans.factory.support.AbstractBeanFactory.getBean(AbstractBeanFactory.java:199)
	at org.springframework.context.support.AbstractApplicationContext.getBean(AbstractApplicationContext.java:1231)
	at org.springframework.context.support.AbstractApplicationContext.finishBeanFactoryInitialization(AbstractApplicationContext.java:949)
	at org.springframework.context.support.AbstractApplicationContext.refresh(AbstractApplicationContext.java:624)
	at org.springframework.boot.web.servlet.context.ServletWebServerApplicationContext.refresh(ServletWebServerApplicationContext.java:146)
	at org.springframework.boot.SpringApplication.refresh(SpringApplication.java:754)
	at org.springframework.boot.SpringApplication.refreshContext(SpringApplication.java:456)
	at org.springframework.boot.SpringApplication.run(SpringApplication.java:334)
	at org.springframework.boot.SpringApplication.run(SpringApplication.java:1354)
	at org.springframework.boot.SpringApplication.run(SpringApplication.java:1343)
	at zw.co.reikan.loans.LoansApiApplication.main(LoansApiApplication.java:44)
Caused by: java.sql.SQLSyntaxErrorException: You have an error in your SQL syntax; check the manual that corresponds to your MySQL server version for the right syntax to use near '`MEDIUMTEXT`' at line 1
	at com.mysql.cj.jdbc.exceptions.SQLError.createSQLException(SQLError.java:121)
	at com.mysql.cj.jdbc.exceptions.SQLExceptionsMapping.translateException(SQLExceptionsMapping.java:122)
	at com.mysql.cj.jdbc.StatementImpl.executeInternal(StatementImpl.java:770)
	at com.mysql.cj.jdbc.StatementImpl.execute(StatementImpl.java:653)
	at com.zaxxer.hikari.pool.ProxyStatement.execute(ProxyStatement.java:94)
	at com.zaxxer.hikari.pool.HikariProxyStatement.execute(HikariProxyStatement.java)
	at org.hibernate.tool.schema.internal.exec.GenerationTargetToDatabase.accept(GenerationTargetToDatabase.java:80)
	... 38 common frames omitted
.16:11:30.532 WARN  o.h.t.s.i.ExceptionHandlerLoggedImpl - GenerationTarget encountered exception accepting command : Error executing DDL "alter table `loan_request` modify column `witness_signature` `MEDIUMTEXT`" via JDBC [You have an error in your SQL syntax; check the manual that corresponds to your MySQL server version for the right syntax to use near '`MEDIUMTEXT`' at line 1] 
org.hibernate.tool.schema.spi.CommandAcceptanceException: Error executing DDL "alter table `loan_request` modify column `witness_signature` `MEDIUMTEXT`" via JDBC [You have an error in your SQL syntax; check the manual that corresponds to your MySQL server version for the right syntax to use near '`MEDIUMTEXT`' at line 1]
	at org.hibernate.tool.schema.internal.exec.GenerationTargetToDatabase.accept(GenerationTargetToDatabase.java:94)
	at org.hibernate.tool.schema.internal.AbstractSchemaMigrator.applySqlString(AbstractSchemaMigrator.java:574)
	at org.hibernate.tool.schema.internal.AbstractSchemaMigrator.applySqlStrings(AbstractSchemaMigrator.java:514)
	at org.hibernate.tool.schema.internal.AbstractSchemaMigrator.migrateTable(AbstractSchemaMigrator.java:333)
	at org.hibernate.tool.schema.internal.GroupedSchemaMigratorImpl.performTablesMigration(GroupedSchemaMigratorImpl.java:84)
	at org.hibernate.tool.schema.internal.AbstractSchemaMigrator.performMigration(AbstractSchemaMigrator.java:232)
	at org.hibernate.tool.schema.internal.AbstractSchemaMigrator.doMigration(AbstractSchemaMigrator.java:117)
	at org.hibernate.tool.schema.spi.SchemaManagementToolCoordinator.performDatabaseAction(SchemaManagementToolCoordinator.java:286)
	at org.hibernate.tool.schema.spi.SchemaManagementToolCoordinator.lambda$process$5(SchemaManagementToolCoordinator.java:145)
	at java.base/java.util.HashMap.forEach(HashMap.java:1421)
	at org.hibernate.tool.schema.spi.SchemaManagementToolCoordinator.process(SchemaManagementToolCoordinator.java:142)
	at org.hibernate.boot.internal.SessionFactoryObserverForSchemaExport.sessionFactoryCreated(SessionFactoryObserverForSchemaExport.java:37)
	at org.hibernate.internal.SessionFactoryObserverChain.sessionFactoryCreated(SessionFactoryObserverChain.java:35)
	at org.hibernate.internal.SessionFactoryImpl.<init>(SessionFactoryImpl.java:315)
	at org.hibernate.boot.internal.SessionFactoryBuilderImpl.build(SessionFactoryBuilderImpl.java:450)
	at org.hibernate.jpa.boot.internal.EntityManagerFactoryBuilderImpl.build(EntityManagerFactoryBuilderImpl.java:1507)
	at org.springframework.orm.jpa.vendor.SpringHibernateJpaPersistenceProvider.createContainerEntityManagerFactory(SpringHibernateJpaPersistenceProvider.java:75)
	at org.springframework.orm.jpa.LocalContainerEntityManagerFactoryBean.createNativeEntityManagerFactory(LocalContainerEntityManagerFactoryBean.java:376)
	at org.springframework.orm.jpa.AbstractEntityManagerFactoryBean.buildNativeEntityManagerFactory(AbstractEntityManagerFactoryBean.java:409)
	at org.springframework.orm.jpa.AbstractEntityManagerFactoryBean.afterPropertiesSet(AbstractEntityManagerFactoryBean.java:396)
	at org.springframework.orm.jpa.LocalContainerEntityManagerFactoryBean.afterPropertiesSet(LocalContainerEntityManagerFactoryBean.java:352)
	at org.springframework.beans.factory.support.AbstractAutowireCapableBeanFactory.invokeInitMethods(AbstractAutowireCapableBeanFactory.java:1820)
	at org.springframework.beans.factory.support.AbstractAutowireCapableBeanFactory.initializeBean(AbstractAutowireCapableBeanFactory.java:1769)
	at org.springframework.beans.factory.support.AbstractAutowireCapableBeanFactory.doCreateBean(AbstractAutowireCapableBeanFactory.java:599)
	at org.springframework.beans.factory.support.AbstractAutowireCapableBeanFactory.createBean(AbstractAutowireCapableBeanFactory.java:521)
	at org.springframework.beans.factory.support.AbstractBeanFactory.lambda$doGetBean$0(AbstractBeanFactory.java:325)
	at org.springframework.beans.factory.support.DefaultSingletonBeanRegistry.getSingleton(DefaultSingletonBeanRegistry.java:234)
	at org.springframework.beans.factory.support.AbstractBeanFactory.doGetBean(AbstractBeanFactory.java:323)
	at org.springframework.beans.factory.support.AbstractBeanFactory.getBean(AbstractBeanFactory.java:199)
	at org.springframework.context.support.AbstractApplicationContext.getBean(AbstractApplicationContext.java:1231)
	at org.springframework.context.support.AbstractApplicationContext.finishBeanFactoryInitialization(AbstractApplicationContext.java:949)
	at org.springframework.context.support.AbstractApplicationContext.refresh(AbstractApplicationContext.java:624)
	at org.springframework.boot.web.servlet.context.ServletWebServerApplicationContext.refresh(ServletWebServerApplicationContext.java:146)
	at org.springframework.boot.SpringApplication.refresh(SpringApplication.java:754)
	at org.springframework.boot.SpringApplication.refreshContext(SpringApplication.java:456)
	at org.springframework.boot.SpringApplication.run(SpringApplication.java:334)
	at org.springframework.boot.SpringApplication.run(SpringApplication.java:1354)
	at org.springframework.boot.SpringApplication.run(SpringApplication.java:1343)
	at zw.co.reikan.loans.LoansApiApplication.main(LoansApiApplication.java:44)
Caused by: java.sql.SQLSyntaxErrorException: You have an error in your SQL syntax; check the manual that corresponds to your MySQL server version for the right syntax to use near '`MEDIUMTEXT`' at line 1
	at com.mysql.cj.jdbc.exceptions.SQLError.createSQLException(SQLError.java:121)
	at com.mysql.cj.jdbc.exceptions.SQLExceptionsMapping.translateException(SQLExceptionsMapping.java:122)
	at com.mysql.cj.jdbc.StatementImpl.executeInternal(StatementImpl.java:770)
	at com.mysql.cj.jdbc.StatementImpl.execute(StatementImpl.java:653)
	at com.zaxxer.hikari.pool.ProxyStatement.execute(ProxyStatement.java:94)
	at com.zaxxer.hikari.pool.HikariProxyStatement.execute(HikariProxyStatement.java)
	at org.hibernate.tool.schema.internal.exec.GenerationTargetToDatabase.accept(GenerationTargetToDatabase.java:80)
	... 38 common frames omitted
.16:11:30.602 INFO  o.s.o.j.LocalContainerEntityManagerFactoryBean - Initialized JPA EntityManagerFactory for persistence unit 'default' 
.16:11:30.611 INFO  z.c.r.l.core.config.SecurityConfig - Creating keyclok: username: admin, password: admin@Keyc1oaK 
.16:11:30.875 INFO  o.s.d.j.r.query.QueryEnhancerFactory - Hibernate is in classpath; If applicable, HQL parser will be used. 
.16:11:32.617 INFO  o.s.s.web.DefaultSecurityFilterChain - Will secure Or [Mvc [pattern='/auth/**'], Mvc [pattern='/v3/api-docs/**'], Mvc [pattern='/swagger-ui/**'], Mvc [pattern='/swagger-ui.html'], Mvc [pattern='/spec.html'], Mvc [pattern='/swagger-resources/**'], Mvc [pattern='/configuration/security']] with [org.springframework.security.web.session.DisableEncodeUrlFilter@14c05ad9, org.springframework.security.web.context.request.async.WebAsyncManagerIntegrationFilter@163427b6, org.springframework.security.web.context.SecurityContextHolderFilter@2d1206b, org.springframework.security.web.header.HeaderWriterFilter@4e3931, org.springframework.web.filter.CorsFilter@9281d19, org.springframework.security.web.csrf.CsrfFilter@43f13160, org.springframework.security.web.authentication.logout.LogoutFilter@2e15a0d7, org.springframework.security.web.savedrequest.RequestCacheAwareFilter@437aa3ea, org.springframework.security.web.servletapi.SecurityContextHolderAwareRequestFilter@4f37f2e5, org.springframework.security.web.authentication.AnonymousAuthenticationFilter@1f4863e0, org.springframework.security.web.access.ExceptionTranslationFilter@4127f82a, org.springframework.security.web.access.intercept.AuthorizationFilter@6cacab23] 
.16:11:32.641 INFO  o.s.s.web.DefaultSecurityFilterChain - Will secure Or [Mvc [pattern='/api/**']] with [org.springframework.security.web.session.DisableEncodeUrlFilter@5bd8b901, org.springframework.security.web.context.request.async.WebAsyncManagerIntegrationFilter@5390bdee, org.springframework.security.web.context.SecurityContextHolderFilter@cae60f1, org.springframework.security.web.header.HeaderWriterFilter@2dedf1c9, org.springframework.web.filter.CorsFilter@9281d19, org.springframework.security.web.authentication.logout.LogoutFilter@11105fbe, org.springframework.security.oauth2.client.web.OAuth2AuthorizationRequestRedirectFilter@10762309, org.springframework.security.oauth2.client.web.OAuth2LoginAuthenticationFilter@33ce766b, org.springframework.security.web.authentication.ui.DefaultLoginPageGeneratingFilter@5d22dd52, org.springframework.security.web.authentication.ui.DefaultLogoutPageGeneratingFilter@6b7945e1, org.springframework.security.oauth2.server.resource.web.authentication.BearerTokenAuthenticationFilter@12046998, org.springframework.security.web.savedrequest.RequestCacheAwareFilter@4e8fab14, org.springframework.security.web.servletapi.SecurityContextHolderAwareRequestFilter@5247c44f, org.springframework.security.web.authentication.AnonymousAuthenticationFilter@2bc41bcb, org.springframework.security.web.session.SessionManagementFilter@37a709bc, org.springframework.security.web.access.ExceptionTranslationFilter@545dedf4, org.springframework.security.web.access.intercept.AuthorizationFilter@361a1ec3] 
.16:11:32.763 INFO  o.a.coyote.http11.Http11NioProtocol - Starting ProtocolHandler ["http-nio-8080"] 
.16:11:32.769 INFO  o.s.b.w.e.tomcat.TomcatWebServer - Tomcat started on port 8080 (http) with context path '' 
.16:11:32.774 INFO  z.c.reikan.loans.LoansApiApplication - Started LoansApiApplication in 3.875 seconds (process running for 4.275) 
.16:11:32.775 INFO  zw.co.reikan.loans.core.StartupTask - Attempting to create Innbucks default merchant service 
.16:11:32.808 WARN  zw.co.reikan.loans.core.StartupTask - Merchant with merchant code innbucks-2562-4f1f-b961-c546ea7c0481 already exists 
zw.co.reikan.loans.core.exception.ValidationException: Merchant with merchant code innbucks-2562-4f1f-b961-c546ea7c0481 already exists
	at zw.co.reikan.loans.core.merchant.MerchantService.validateRequest(MerchantService.java:63)
	at zw.co.reikan.loans.core.merchant.MerchantService.createMerchant(MerchantService.java:35)
	at java.base/jdk.internal.reflect.NativeMethodAccessorImpl.invoke0(Native Method)
	at java.base/jdk.internal.reflect.NativeMethodAccessorImpl.invoke(NativeMethodAccessorImpl.java:77)
	at java.base/jdk.internal.reflect.DelegatingMethodAccessorImpl.invoke(DelegatingMethodAccessorImpl.java:43)
	at java.base/java.lang.reflect.Method.invoke(Method.java:568)
	at org.springframework.aop.support.AopUtils.invokeJoinpointUsingReflection(AopUtils.java:351)
	at org.springframework.aop.framework.ReflectiveMethodInvocation.invokeJoinpoint(ReflectiveMethodInvocation.java:196)
	at org.springframework.aop.framework.ReflectiveMethodInvocation.proceed(ReflectiveMethodInvocation.java:163)
	at org.springframework.aop.framework.CglibAopProxy$CglibMethodInvocation.proceed(CglibAopProxy.java:765)
	at org.springframework.transaction.interceptor.TransactionInterceptor$1.proceedWithInvocation(TransactionInterceptor.java:123)
	at org.springframework.transaction.interceptor.TransactionAspectSupport.invokeWithinTransaction(TransactionAspectSupport.java:385)
	at org.springframework.transaction.interceptor.TransactionInterceptor.invoke(TransactionInterceptor.java:119)
	at org.springframework.aop.framework.ReflectiveMethodInvocation.proceed(ReflectiveMethodInvocation.java:184)
	at org.springframework.aop.framework.CglibAopProxy$CglibMethodInvocation.proceed(CglibAopProxy.java:765)
	at org.springframework.aop.framework.CglibAopProxy$DynamicAdvisedInterceptor.intercept(CglibAopProxy.java:717)
	at zw.co.reikan.loans.core.merchant.MerchantService$$SpringCGLIB$$0.createMerchant(<generated>)
	at zw.co.reikan.loans.core.StartupTask.run(StartupTask.java:25)
	at org.springframework.boot.SpringApplication.lambda$callRunner$5(SpringApplication.java:790)
	at org.springframework.util.function.ThrowingConsumer$1.acceptWithException(ThrowingConsumer.java:83)
	at org.springframework.util.function.ThrowingConsumer.accept(ThrowingConsumer.java:60)
	at org.springframework.util.function.ThrowingConsumer$1.accept(ThrowingConsumer.java:88)
	at org.springframework.boot.SpringApplication.callRunner(SpringApplication.java:798)
	at org.springframework.boot.SpringApplication.callRunner(SpringApplication.java:789)
	at org.springframework.boot.SpringApplication.lambda$callRunners$3(SpringApplication.java:774)
	at java.base/java.util.stream.ForEachOps$ForEachOp$OfRef.accept(ForEachOps.java:183)
	at java.base/java.util.stream.SortedOps$SizedRefSortingSink.end(SortedOps.java:357)
	at java.base/java.util.stream.AbstractPipeline.copyInto(AbstractPipeline.java:510)
	at java.base/java.util.stream.AbstractPipeline.wrapAndCopyInto(AbstractPipeline.java:499)
	at java.base/java.util.stream.ForEachOps$ForEachOp.evaluateSequential(ForEachOps.java:150)
	at java.base/java.util.stream.ForEachOps$ForEachOp$OfRef.evaluateSequential(ForEachOps.java:173)
	at java.base/java.util.stream.AbstractPipeline.evaluate(AbstractPipeline.java:234)
	at java.base/java.util.stream.ReferencePipeline.forEach(ReferencePipeline.java:596)
	at org.springframework.boot.SpringApplication.callRunners(SpringApplication.java:774)
	at org.springframework.boot.SpringApplication.run(SpringApplication.java:341)
	at org.springframework.boot.SpringApplication.run(SpringApplication.java:1354)
	at org.springframework.boot.SpringApplication.run(SpringApplication.java:1343)
	at zw.co.reikan.loans.LoansApiApplication.main(LoansApiApplication.java:44)
.16:44:35.202 INFO  o.s.o.j.LocalContainerEntityManagerFactoryBean - Closing JPA EntityManagerFactory for persistence unit 'default' 
.16:44:35.203 INFO  com.zaxxer.hikari.HikariDataSource - HikariPool-1 - Shutdown initiated... 
.16:44:35.205 INFO  com.zaxxer.hikari.HikariDataSource - HikariPool-1 - Shutdown completed. 
.16:44:36.980 INFO  z.c.reikan.loans.LoansApiApplication - Starting LoansApiApplication using Java 17.0.12 with PID 2783 (/Users/thomasnyagwaya/Code/getsol/bulkit-loans/loans-api/target/classes started by thomasnyagwaya in /Users/thomasnyagwaya/Code/getsol/bulkit-loans) 
.16:44:36.981 INFO  z.c.reikan.loans.LoansApiApplication - The following 1 profile is active: "api" 
.16:44:37.268 INFO  o.s.d.r.c.RepositoryConfigurationDelegate - Bootstrapping Spring Data JPA repositories in DEFAULT mode. 
.16:44:37.303 INFO  o.s.d.r.c.RepositoryConfigurationDelegate - Finished Spring Data repository scanning in 30 ms. Found 8 JPA repository interfaces. 
.16:44:37.487 INFO  o.s.b.w.e.tomcat.TomcatWebServer - Tomcat initialized with port 8080 (http) 
.16:44:37.490 INFO  o.a.coyote.http11.Http11NioProtocol - Initializing ProtocolHandler ["http-nio-8080"] 
.16:44:37.490 INFO  o.a.catalina.core.StandardService - Starting service [Tomcat] 
.16:44:37.491 INFO  o.a.catalina.core.StandardEngine - Starting Servlet engine: [Apache Tomcat/10.1.18] 
.16:44:37.514 INFO  o.a.c.c.C.[Tomcat].[localhost].[/] - Initializing Spring embedded WebApplicationContext 
.16:44:37.514 INFO  o.s.b.w.s.c.ServletWebServerApplicationContext - Root WebApplicationContext: initialization completed in 515 ms 
.16:44:37.580 INFO  o.h.jpa.internal.util.LogHelper - HHH000204: Processing PersistenceUnitInfo [name: default] 
.16:44:37.596 INFO  org.hibernate.Version - HHH000412: Hibernate ORM core version 6.4.1.Final 
.16:44:37.607 INFO  o.h.c.i.RegionFactoryInitiator - HHH000026: Second-level cache disabled 
.16:44:37.674 INFO  o.s.o.j.p.SpringPersistenceUnitInfo - No LoadTimeWeaver setup: ignoring JPA class transformer 
.16:44:37.682 INFO  com.zaxxer.hikari.HikariDataSource - HikariPool-1 - Starting... 
.16:44:37.818 INFO  com.zaxxer.hikari.pool.HikariPool - HikariPool-1 - Added connection com.mysql.cj.jdbc.ConnectionImpl@58f97013 
.16:44:37.819 INFO  com.zaxxer.hikari.HikariDataSource - HikariPool-1 - Start completed. 
.16:44:37.841 WARN  org.hibernate.orm.deprecation - HHH90000025: MySQL8Dialect does not need to be specified explicitly using 'hibernate.dialect' (remove the property setting and it will be selected by default) 
.16:44:37.841 WARN  org.hibernate.orm.deprecation - HHH90000026: MySQL8Dialect has been deprecated; use org.hibernate.dialect.MySQLDialect instead 
.16:44:38.224 INFO  o.h.e.t.j.p.i.JtaPlatformInitiator - HHH000489: No JTA platform available (set 'hibernate.transaction.jta.platform' to enable JTA platform integration) 
.16:44:38.254 WARN  o.h.t.s.i.ExceptionHandlerLoggedImpl - GenerationTarget encountered exception accepting command : Error executing DDL "alter table `loan_request` modify column `signature` `MEDIUMTEXT`" via JDBC [You have an error in your SQL syntax; check the manual that corresponds to your MySQL server version for the right syntax to use near '`MEDIUMTEXT`' at line 1] 
org.hibernate.tool.schema.spi.CommandAcceptanceException: Error executing DDL "alter table `loan_request` modify column `signature` `MEDIUMTEXT`" via JDBC [You have an error in your SQL syntax; check the manual that corresponds to your MySQL server version for the right syntax to use near '`MEDIUMTEXT`' at line 1]
	at org.hibernate.tool.schema.internal.exec.GenerationTargetToDatabase.accept(GenerationTargetToDatabase.java:94)
	at org.hibernate.tool.schema.internal.AbstractSchemaMigrator.applySqlString(AbstractSchemaMigrator.java:574)
	at org.hibernate.tool.schema.internal.AbstractSchemaMigrator.applySqlStrings(AbstractSchemaMigrator.java:514)
	at org.hibernate.tool.schema.internal.AbstractSchemaMigrator.migrateTable(AbstractSchemaMigrator.java:333)
	at org.hibernate.tool.schema.internal.GroupedSchemaMigratorImpl.performTablesMigration(GroupedSchemaMigratorImpl.java:84)
	at org.hibernate.tool.schema.internal.AbstractSchemaMigrator.performMigration(AbstractSchemaMigrator.java:232)
	at org.hibernate.tool.schema.internal.AbstractSchemaMigrator.doMigration(AbstractSchemaMigrator.java:117)
	at org.hibernate.tool.schema.spi.SchemaManagementToolCoordinator.performDatabaseAction(SchemaManagementToolCoordinator.java:286)
	at org.hibernate.tool.schema.spi.SchemaManagementToolCoordinator.lambda$process$5(SchemaManagementToolCoordinator.java:145)
	at java.base/java.util.HashMap.forEach(HashMap.java:1421)
	at org.hibernate.tool.schema.spi.SchemaManagementToolCoordinator.process(SchemaManagementToolCoordinator.java:142)
	at org.hibernate.boot.internal.SessionFactoryObserverForSchemaExport.sessionFactoryCreated(SessionFactoryObserverForSchemaExport.java:37)
	at org.hibernate.internal.SessionFactoryObserverChain.sessionFactoryCreated(SessionFactoryObserverChain.java:35)
	at org.hibernate.internal.SessionFactoryImpl.<init>(SessionFactoryImpl.java:315)
	at org.hibernate.boot.internal.SessionFactoryBuilderImpl.build(SessionFactoryBuilderImpl.java:450)
	at org.hibernate.jpa.boot.internal.EntityManagerFactoryBuilderImpl.build(EntityManagerFactoryBuilderImpl.java:1507)
	at org.springframework.orm.jpa.vendor.SpringHibernateJpaPersistenceProvider.createContainerEntityManagerFactory(SpringHibernateJpaPersistenceProvider.java:75)
	at org.springframework.orm.jpa.LocalContainerEntityManagerFactoryBean.createNativeEntityManagerFactory(LocalContainerEntityManagerFactoryBean.java:376)
	at org.springframework.orm.jpa.AbstractEntityManagerFactoryBean.buildNativeEntityManagerFactory(AbstractEntityManagerFactoryBean.java:409)
	at org.springframework.orm.jpa.AbstractEntityManagerFactoryBean.afterPropertiesSet(AbstractEntityManagerFactoryBean.java:396)
	at org.springframework.orm.jpa.LocalContainerEntityManagerFactoryBean.afterPropertiesSet(LocalContainerEntityManagerFactoryBean.java:352)
	at org.springframework.beans.factory.support.AbstractAutowireCapableBeanFactory.invokeInitMethods(AbstractAutowireCapableBeanFactory.java:1820)
	at org.springframework.beans.factory.support.AbstractAutowireCapableBeanFactory.initializeBean(AbstractAutowireCapableBeanFactory.java:1769)
	at org.springframework.beans.factory.support.AbstractAutowireCapableBeanFactory.doCreateBean(AbstractAutowireCapableBeanFactory.java:599)
	at org.springframework.beans.factory.support.AbstractAutowireCapableBeanFactory.createBean(AbstractAutowireCapableBeanFactory.java:521)
	at org.springframework.beans.factory.support.AbstractBeanFactory.lambda$doGetBean$0(AbstractBeanFactory.java:325)
	at org.springframework.beans.factory.support.DefaultSingletonBeanRegistry.getSingleton(DefaultSingletonBeanRegistry.java:234)
	at org.springframework.beans.factory.support.AbstractBeanFactory.doGetBean(AbstractBeanFactory.java:323)
	at org.springframework.beans.factory.support.AbstractBeanFactory.getBean(AbstractBeanFactory.java:199)
	at org.springframework.context.support.AbstractApplicationContext.getBean(AbstractApplicationContext.java:1231)
	at org.springframework.context.support.AbstractApplicationContext.finishBeanFactoryInitialization(AbstractApplicationContext.java:949)
	at org.springframework.context.support.AbstractApplicationContext.refresh(AbstractApplicationContext.java:624)
	at org.springframework.boot.web.servlet.context.ServletWebServerApplicationContext.refresh(ServletWebServerApplicationContext.java:146)
	at org.springframework.boot.SpringApplication.refresh(SpringApplication.java:754)
	at org.springframework.boot.SpringApplication.refreshContext(SpringApplication.java:456)
	at org.springframework.boot.SpringApplication.run(SpringApplication.java:334)
	at org.springframework.boot.SpringApplication.run(SpringApplication.java:1354)
	at org.springframework.boot.SpringApplication.run(SpringApplication.java:1343)
	at zw.co.reikan.loans.LoansApiApplication.main(LoansApiApplication.java:44)
Caused by: java.sql.SQLSyntaxErrorException: You have an error in your SQL syntax; check the manual that corresponds to your MySQL server version for the right syntax to use near '`MEDIUMTEXT`' at line 1
	at com.mysql.cj.jdbc.exceptions.SQLError.createSQLException(SQLError.java:121)
	at com.mysql.cj.jdbc.exceptions.SQLExceptionsMapping.translateException(SQLExceptionsMapping.java:122)
	at com.mysql.cj.jdbc.StatementImpl.executeInternal(StatementImpl.java:770)
	at com.mysql.cj.jdbc.StatementImpl.execute(StatementImpl.java:653)
	at com.zaxxer.hikari.pool.ProxyStatement.execute(ProxyStatement.java:94)
	at com.zaxxer.hikari.pool.HikariProxyStatement.execute(HikariProxyStatement.java)
	at org.hibernate.tool.schema.internal.exec.GenerationTargetToDatabase.accept(GenerationTargetToDatabase.java:80)
	... 38 common frames omitted
.16:44:38.256 WARN  o.h.t.s.i.ExceptionHandlerLoggedImpl - GenerationTarget encountered exception accepting command : Error executing DDL "alter table `loan_request` modify column `witness_signature` `MEDIUMTEXT`" via JDBC [You have an error in your SQL syntax; check the manual that corresponds to your MySQL server version for the right syntax to use near '`MEDIUMTEXT`' at line 1] 
org.hibernate.tool.schema.spi.CommandAcceptanceException: Error executing DDL "alter table `loan_request` modify column `witness_signature` `MEDIUMTEXT`" via JDBC [You have an error in your SQL syntax; check the manual that corresponds to your MySQL server version for the right syntax to use near '`MEDIUMTEXT`' at line 1]
	at org.hibernate.tool.schema.internal.exec.GenerationTargetToDatabase.accept(GenerationTargetToDatabase.java:94)
	at org.hibernate.tool.schema.internal.AbstractSchemaMigrator.applySqlString(AbstractSchemaMigrator.java:574)
	at org.hibernate.tool.schema.internal.AbstractSchemaMigrator.applySqlStrings(AbstractSchemaMigrator.java:514)
	at org.hibernate.tool.schema.internal.AbstractSchemaMigrator.migrateTable(AbstractSchemaMigrator.java:333)
	at org.hibernate.tool.schema.internal.GroupedSchemaMigratorImpl.performTablesMigration(GroupedSchemaMigratorImpl.java:84)
	at org.hibernate.tool.schema.internal.AbstractSchemaMigrator.performMigration(AbstractSchemaMigrator.java:232)
	at org.hibernate.tool.schema.internal.AbstractSchemaMigrator.doMigration(AbstractSchemaMigrator.java:117)
	at org.hibernate.tool.schema.spi.SchemaManagementToolCoordinator.performDatabaseAction(SchemaManagementToolCoordinator.java:286)
	at org.hibernate.tool.schema.spi.SchemaManagementToolCoordinator.lambda$process$5(SchemaManagementToolCoordinator.java:145)
	at java.base/java.util.HashMap.forEach(HashMap.java:1421)
	at org.hibernate.tool.schema.spi.SchemaManagementToolCoordinator.process(SchemaManagementToolCoordinator.java:142)
	at org.hibernate.boot.internal.SessionFactoryObserverForSchemaExport.sessionFactoryCreated(SessionFactoryObserverForSchemaExport.java:37)
	at org.hibernate.internal.SessionFactoryObserverChain.sessionFactoryCreated(SessionFactoryObserverChain.java:35)
	at org.hibernate.internal.SessionFactoryImpl.<init>(SessionFactoryImpl.java:315)
	at org.hibernate.boot.internal.SessionFactoryBuilderImpl.build(SessionFactoryBuilderImpl.java:450)
	at org.hibernate.jpa.boot.internal.EntityManagerFactoryBuilderImpl.build(EntityManagerFactoryBuilderImpl.java:1507)
	at org.springframework.orm.jpa.vendor.SpringHibernateJpaPersistenceProvider.createContainerEntityManagerFactory(SpringHibernateJpaPersistenceProvider.java:75)
	at org.springframework.orm.jpa.LocalContainerEntityManagerFactoryBean.createNativeEntityManagerFactory(LocalContainerEntityManagerFactoryBean.java:376)
	at org.springframework.orm.jpa.AbstractEntityManagerFactoryBean.buildNativeEntityManagerFactory(AbstractEntityManagerFactoryBean.java:409)
	at org.springframework.orm.jpa.AbstractEntityManagerFactoryBean.afterPropertiesSet(AbstractEntityManagerFactoryBean.java:396)
	at org.springframework.orm.jpa.LocalContainerEntityManagerFactoryBean.afterPropertiesSet(LocalContainerEntityManagerFactoryBean.java:352)
	at org.springframework.beans.factory.support.AbstractAutowireCapableBeanFactory.invokeInitMethods(AbstractAutowireCapableBeanFactory.java:1820)
	at org.springframework.beans.factory.support.AbstractAutowireCapableBeanFactory.initializeBean(AbstractAutowireCapableBeanFactory.java:1769)
	at org.springframework.beans.factory.support.AbstractAutowireCapableBeanFactory.doCreateBean(AbstractAutowireCapableBeanFactory.java:599)
	at org.springframework.beans.factory.support.AbstractAutowireCapableBeanFactory.createBean(AbstractAutowireCapableBeanFactory.java:521)
	at org.springframework.beans.factory.support.AbstractBeanFactory.lambda$doGetBean$0(AbstractBeanFactory.java:325)
	at org.springframework.beans.factory.support.DefaultSingletonBeanRegistry.getSingleton(DefaultSingletonBeanRegistry.java:234)
	at org.springframework.beans.factory.support.AbstractBeanFactory.doGetBean(AbstractBeanFactory.java:323)
	at org.springframework.beans.factory.support.AbstractBeanFactory.getBean(AbstractBeanFactory.java:199)
	at org.springframework.context.support.AbstractApplicationContext.getBean(AbstractApplicationContext.java:1231)
	at org.springframework.context.support.AbstractApplicationContext.finishBeanFactoryInitialization(AbstractApplicationContext.java:949)
	at org.springframework.context.support.AbstractApplicationContext.refresh(AbstractApplicationContext.java:624)
	at org.springframework.boot.web.servlet.context.ServletWebServerApplicationContext.refresh(ServletWebServerApplicationContext.java:146)
	at org.springframework.boot.SpringApplication.refresh(SpringApplication.java:754)
	at org.springframework.boot.SpringApplication.refreshContext(SpringApplication.java:456)
	at org.springframework.boot.SpringApplication.run(SpringApplication.java:334)
	at org.springframework.boot.SpringApplication.run(SpringApplication.java:1354)
	at org.springframework.boot.SpringApplication.run(SpringApplication.java:1343)
	at zw.co.reikan.loans.LoansApiApplication.main(LoansApiApplication.java:44)
Caused by: java.sql.SQLSyntaxErrorException: You have an error in your SQL syntax; check the manual that corresponds to your MySQL server version for the right syntax to use near '`MEDIUMTEXT`' at line 1
	at com.mysql.cj.jdbc.exceptions.SQLError.createSQLException(SQLError.java:121)
	at com.mysql.cj.jdbc.exceptions.SQLExceptionsMapping.translateException(SQLExceptionsMapping.java:122)
	at com.mysql.cj.jdbc.StatementImpl.executeInternal(StatementImpl.java:770)
	at com.mysql.cj.jdbc.StatementImpl.execute(StatementImpl.java:653)
	at com.zaxxer.hikari.pool.ProxyStatement.execute(ProxyStatement.java:94)
	at com.zaxxer.hikari.pool.HikariProxyStatement.execute(HikariProxyStatement.java)
	at org.hibernate.tool.schema.internal.exec.GenerationTargetToDatabase.accept(GenerationTargetToDatabase.java:80)
	... 38 common frames omitted
.16:44:38.315 INFO  o.s.o.j.LocalContainerEntityManagerFactoryBean - Initialized JPA EntityManagerFactory for persistence unit 'default' 
.16:44:38.324 INFO  z.c.r.l.core.config.SecurityConfig - Creating keyclok: username: admin, password: admin@Keyc1oaK 
.16:44:38.539 INFO  o.s.d.j.r.query.QueryEnhancerFactory - Hibernate is in classpath; If applicable, HQL parser will be used. 
.16:44:54.137 INFO  o.s.s.web.DefaultSecurityFilterChain - Will secure Or [Mvc [pattern='/auth/**'], Mvc [pattern='/v3/api-docs/**'], Mvc [pattern='/swagger-ui/**'], Mvc [pattern='/swagger-ui.html'], Mvc [pattern='/spec.html'], Mvc [pattern='/swagger-resources/**'], Mvc [pattern='/configuration/security']] with [org.springframework.security.web.session.DisableEncodeUrlFilter@36f2a2a3, org.springframework.security.web.context.request.async.WebAsyncManagerIntegrationFilter@2dcfa917, org.springframework.security.web.context.SecurityContextHolderFilter@1b0cfe11, org.springframework.security.web.header.HeaderWriterFilter@6659e7f5, org.springframework.web.filter.CorsFilter@2d4fb0d8, org.springframework.security.web.csrf.CsrfFilter@7d31918a, org.springframework.security.web.authentication.logout.LogoutFilter@3d65e8c5, org.springframework.security.web.savedrequest.RequestCacheAwareFilter@b8d10c9, org.springframework.security.web.servletapi.SecurityContextHolderAwareRequestFilter@149a793a, org.springframework.security.web.authentication.AnonymousAuthenticationFilter@45198fd9, org.springframework.security.web.access.ExceptionTranslationFilter@58b8ee01, org.springframework.security.web.access.intercept.AuthorizationFilter@66d1cdea] 
.16:44:54.159 INFO  o.s.s.web.DefaultSecurityFilterChain - Will secure Or [Mvc [pattern='/api/**']] with [org.springframework.security.web.session.DisableEncodeUrlFilter@67feb5d0, org.springframework.security.web.context.request.async.WebAsyncManagerIntegrationFilter@326acc7c, org.springframework.security.web.context.SecurityContextHolderFilter@795239f9, org.springframework.security.web.header.HeaderWriterFilter@50d3db27, org.springframework.web.filter.CorsFilter@2d4fb0d8, org.springframework.security.web.authentication.logout.LogoutFilter@1cfa4ad9, org.springframework.security.oauth2.client.web.OAuth2AuthorizationRequestRedirectFilter@489cbbcb, org.springframework.security.oauth2.client.web.OAuth2LoginAuthenticationFilter@64ee4b14, org.springframework.security.web.authentication.ui.DefaultLoginPageGeneratingFilter@75e032af, org.springframework.security.web.authentication.ui.DefaultLogoutPageGeneratingFilter@19cf111c, org.springframework.security.oauth2.server.resource.web.authentication.BearerTokenAuthenticationFilter@6e25ae24, org.springframework.security.web.savedrequest.RequestCacheAwareFilter@3796df17, org.springframework.security.web.servletapi.SecurityContextHolderAwareRequestFilter@e5a654f, org.springframework.security.web.authentication.AnonymousAuthenticationFilter@fef4fda, org.springframework.security.web.session.SessionManagementFilter@3878672c, org.springframework.security.web.access.ExceptionTranslationFilter@22fc72e8, org.springframework.security.web.access.intercept.AuthorizationFilter@35d613cb] 
.16:44:54.266 INFO  o.a.coyote.http11.Http11NioProtocol - Starting ProtocolHandler ["http-nio-8080"] 
.16:44:54.272 INFO  o.s.b.w.e.tomcat.TomcatWebServer - Tomcat started on port 8080 (http) with context path '' 
.16:44:54.276 INFO  z.c.reikan.loans.LoansApiApplication - Started LoansApiApplication in 17.408 seconds (process running for 17.697) 
.16:44:54.277 INFO  zw.co.reikan.loans.core.StartupTask - Attempting to create CommissionGroup: CommissionGroup(name=80-20-Favoring-BulkIT, agentCommission=20.0, providerCommission=80.0, percentage=true, enabled=false) 
.16:44:54.334 INFO  zw.co.reikan.loans.core.StartupTask - Attempting to create CommissionGroup: CommissionGroup(name=100-Favoring-BulkIT, agentCommission=0.0, providerCommission=100.0, percentage=true, enabled=false) 
.16:44:54.339 INFO  zw.co.reikan.loans.core.StartupTask - Attempting to create Innbucks default merchant service 
.16:44:54.346 WARN  zw.co.reikan.loans.core.StartupTask - Merchant with merchant code innbucks-2562-4f1f-b961-c546ea7c0481 already exists 
zw.co.reikan.loans.core.exception.ValidationException: Merchant with merchant code innbucks-2562-4f1f-b961-c546ea7c0481 already exists
	at zw.co.reikan.loans.core.merchant.MerchantService.validateRequest(MerchantService.java:63)
	at zw.co.reikan.loans.core.merchant.MerchantService.createMerchant(MerchantService.java:35)
	at java.base/jdk.internal.reflect.NativeMethodAccessorImpl.invoke0(Native Method)
	at java.base/jdk.internal.reflect.NativeMethodAccessorImpl.invoke(NativeMethodAccessorImpl.java:77)
	at java.base/jdk.internal.reflect.DelegatingMethodAccessorImpl.invoke(DelegatingMethodAccessorImpl.java:43)
	at java.base/java.lang.reflect.Method.invoke(Method.java:568)
	at org.springframework.aop.support.AopUtils.invokeJoinpointUsingReflection(AopUtils.java:351)
	at org.springframework.aop.framework.ReflectiveMethodInvocation.invokeJoinpoint(ReflectiveMethodInvocation.java:196)
	at org.springframework.aop.framework.ReflectiveMethodInvocation.proceed(ReflectiveMethodInvocation.java:163)
	at org.springframework.aop.framework.CglibAopProxy$CglibMethodInvocation.proceed(CglibAopProxy.java:765)
	at org.springframework.transaction.interceptor.TransactionInterceptor$1.proceedWithInvocation(TransactionInterceptor.java:123)
	at org.springframework.transaction.interceptor.TransactionAspectSupport.invokeWithinTransaction(TransactionAspectSupport.java:385)
	at org.springframework.transaction.interceptor.TransactionInterceptor.invoke(TransactionInterceptor.java:119)
	at org.springframework.aop.framework.ReflectiveMethodInvocation.proceed(ReflectiveMethodInvocation.java:184)
	at org.springframework.aop.framework.CglibAopProxy$CglibMethodInvocation.proceed(CglibAopProxy.java:765)
	at org.springframework.aop.framework.CglibAopProxy$DynamicAdvisedInterceptor.intercept(CglibAopProxy.java:717)
	at zw.co.reikan.loans.core.merchant.MerchantService$$SpringCGLIB$$0.createMerchant(<generated>)
	at zw.co.reikan.loans.core.StartupTask.createDefaultMerchant(StartupTask.java:114)
	at zw.co.reikan.loans.core.StartupTask.run(StartupTask.java:40)
	at org.springframework.boot.SpringApplication.lambda$callRunner$5(SpringApplication.java:790)
	at org.springframework.util.function.ThrowingConsumer$1.acceptWithException(ThrowingConsumer.java:83)
	at org.springframework.util.function.ThrowingConsumer.accept(ThrowingConsumer.java:60)
	at org.springframework.util.function.ThrowingConsumer$1.accept(ThrowingConsumer.java:88)
	at org.springframework.boot.SpringApplication.callRunner(SpringApplication.java:798)
	at org.springframework.boot.SpringApplication.callRunner(SpringApplication.java:789)
	at org.springframework.boot.SpringApplication.lambda$callRunners$3(SpringApplication.java:774)
	at java.base/java.util.stream.ForEachOps$ForEachOp$OfRef.accept(ForEachOps.java:183)
	at java.base/java.util.stream.SortedOps$SizedRefSortingSink.end(SortedOps.java:357)
	at java.base/java.util.stream.AbstractPipeline.copyInto(AbstractPipeline.java:510)
	at java.base/java.util.stream.AbstractPipeline.wrapAndCopyInto(AbstractPipeline.java:499)
	at java.base/java.util.stream.ForEachOps$ForEachOp.evaluateSequential(ForEachOps.java:150)
	at java.base/java.util.stream.ForEachOps$ForEachOp$OfRef.evaluateSequential(ForEachOps.java:173)
	at java.base/java.util.stream.AbstractPipeline.evaluate(AbstractPipeline.java:234)
	at java.base/java.util.stream.ReferencePipeline.forEach(ReferencePipeline.java:596)
	at org.springframework.boot.SpringApplication.callRunners(SpringApplication.java:774)
	at org.springframework.boot.SpringApplication.run(SpringApplication.java:341)
	at org.springframework.boot.SpringApplication.run(SpringApplication.java:1354)
	at org.springframework.boot.SpringApplication.run(SpringApplication.java:1343)
	at zw.co.reikan.loans.LoansApiApplication.main(LoansApiApplication.java:44)
.16:44:54.356 INFO  zw.co.reikan.loans.core.StartupTask - Attempting to create channel: Channel(channelId=mobile_app_channel_13a71261-f59c-466a-baca-31f6e2a7832e, name=Mobile App Channel, systemUser=User(username=SYSTEM_USER, externalSystemId=04a7a520-fd78-4932-a9ad-15e7d5432b38, merchant=Merchant(merchantCode=71520ae6-78e7-484d-9b75-b58f73640365, name=Acme Corporation, accountNumber=ACM123456789, disbursementType=MERCHANT_MOBILE_WALLET, commissionGroup=null, commissionStructure=null), temporaryPassword=true, agent=null, commissionGroup=null)) 
.16:44:54.362 INFO  zw.co.reikan.loans.core.StartupTask - Attempting to create channel: Channel(channelId=admin_portal_channel_5b2d532e-5c00-4d8d-80df-86b41b42f40f, name=Admin Portal Channel, systemUser=User(username=SYSTEM_USER, externalSystemId=04a7a520-fd78-4932-a9ad-15e7d5432b38, merchant=Merchant(merchantCode=71520ae6-78e7-484d-9b75-b58f73640365, name=Acme Corporation, accountNumber=ACM123456789, disbursementType=MERCHANT_MOBILE_WALLET, commissionGroup=null, commissionStructure=null), temporaryPassword=true, agent=null, commissionGroup=null)) 
.16:44:54.365 INFO  zw.co.reikan.loans.core.StartupTask - Attempting to create channel: Channel(channelId=web_app_channel_189ae29c-b09a-4ef3-80d4-f3164978d054, name=Web App Channel, systemUser=User(username=SYSTEM_USER, externalSystemId=04a7a520-fd78-4932-a9ad-15e7d5432b38, merchant=Merchant(merchantCode=71520ae6-78e7-484d-9b75-b58f73640365, name=Acme Corporation, accountNumber=ACM123456789, disbursementType=MERCHANT_MOBILE_WALLET, commissionGroup=null, commissionStructure=null), temporaryPassword=true, agent=null, commissionGroup=null)) 
.16:48:18.421 INFO  o.a.c.c.C.[Tomcat].[localhost].[/] - Initializing Spring DispatcherServlet 'dispatcherServlet' 
.16:48:18.422 INFO  o.s.web.servlet.DispatcherServlet - Initializing Servlet 'dispatcherServlet' 
.16:48:18.424 INFO  o.s.web.servlet.DispatcherServlet - Completed initialization in 2 ms 
.16:48:18.459 INFO  zw.co.reikan.loans.AuthController - Authenticating user: thomas_test_2 
.16:48:54.869 INFO  zw.co.reikan.loans.AuthController - Authenticating user: thomas_test_2 
.16:49:59.052 INFO  zw.co.reikan.loans.AuthController - Authenticating user: thomas_test_2 
.16:51:38.805 INFO  zw.co.reikan.loans.AuthController - Authenticating user: thomas_test_2 
.16:53:54.893 INFO  zw.co.reikan.loans.AuthController - Authenticating user: thomas_test_2 
.16:54:01.127 INFO  zw.co.reikan.loans.AuthController - Authenticating user: thomas_test_2 
.16:54:12.653 INFO  zw.co.reikan.loans.AuthController - Authenticating user: thomas_test_2 
.16:56:40.280 INFO  z.c.r.l.InternalLoanApplicationController - Create loan request: LoanRequest(signatureData=string, amount=100, ecnumber=1234568T, mobileNumber=0772819815, tenor=4, nationalId=string, type=NET_OF_FEES, fname=Thomas 2, lname=1731250520380, dateOfBirth=1983-08-24, numberOfDependencies=0, numberOfChildren=0, maritalStatus=SINGLE, alternateContactNumber=0772819815, placeOfBirth=MUTARE, title=MR, email=tnyaguire@gmail.com, educationLevel=PRIMARY, address=520 Patrick Close,Helensvale,Harare,Zimbabwe, employmentDetail=EmploymentDetail(employerName=Getsol, employerContactNumber=07728919815, employeeNumber=123456, grossSalary=2000, netSalary=1500, employmentStartDate=2019-08-24, employmentEndDate=2019-08-24, address=520 Patrick Close,Helensvale,Harare,Zimbabwe), nextOfKin=NextOfKin(firstName=Randal, lastName=Nyagwaya, nationalId=123456789, address=520 Patrick Close,Helensvale,Harare,Zimbabwe, mobileNumber=0772819815, relationship=SIBLING, gender=MALE), nextOfKinIdNumber=123456789U8, nextOfKinName=Randal, nextOfKinPhone=0772819815, nextOfKinRelationShip=SIBLING, nextOfKinAddress=520 Patrick Close, witness=Witness(fullName=Thomas Nyagwaya, placeOfSignature=Mutare, dateSigned=2019-08-24, signature=string), purposeOfLoan=PURCHASE_OF_ASSETS, grossSalary=2000, netSalary=1500, profession=Developer, merchant=null, gender=MALE, bankingDetail=BankingDetail(bankName=CABS, accountName=12345678, branchName=HARARE, branchCode=12345, accountNumber=123456789, accountType=SAVINGS), productDescription=Product Foundation, channelId=null) 
.16:56:40.291 INFO  z.c.r.l.core.loan.LoanServiceImpl - Requesting loan approval: LoanRequest(signatureData=string, amount=100, ecnumber=1234568T, mobileNumber=0772819815, tenor=4, nationalId=string, type=NET_OF_FEES, fname=Thomas 2, lname=1731250520380, dateOfBirth=1983-08-24, numberOfDependencies=0, numberOfChildren=0, maritalStatus=SINGLE, alternateContactNumber=0772819815, placeOfBirth=MUTARE, title=MR, email=tnyaguire@gmail.com, educationLevel=PRIMARY, address=520 Patrick Close,Helensvale,Harare,Zimbabwe, employmentDetail=EmploymentDetail(employerName=Getsol, employerContactNumber=07728919815, employeeNumber=123456, grossSalary=2000, netSalary=1500, employmentStartDate=2019-08-24, employmentEndDate=2019-08-24, address=520 Patrick Close,Helensvale,Harare,Zimbabwe), nextOfKin=NextOfKin(firstName=Randal, lastName=Nyagwaya, nationalId=123456789, address=520 Patrick Close,Helensvale,Harare,Zimbabwe, mobileNumber=0772819815, relationship=SIBLING, gender=MALE), nextOfKinIdNumber=123456789U8, nextOfKinName=Randal, nextOfKinPhone=0772819815, nextOfKinRelationShip=SIBLING, nextOfKinAddress=520 Patrick Close, witness=Witness(fullName=Thomas Nyagwaya, placeOfSignature=Mutare, dateSigned=2019-08-24, signature=string), purposeOfLoan=PURCHASE_OF_ASSETS, grossSalary=2000, netSalary=1500, profession=Developer, merchant=null, gender=MALE, bankingDetail=BankingDetail(bankName=CABS, accountName=12345678, branchName=HARARE, branchCode=12345, accountNumber=123456789, accountType=SAVINGS), productDescription=Product Foundation, channelId=null) 
.17:08:02.872 INFO  z.c.r.l.InternalLoanApplicationController - Create loan request: LoanRequest(signatureData=string, amount=100, ecnumber=1234569T, mobileNumber=0772819815, tenor=4, nationalId=string, type=NET_OF_FEES, fname=Thomas 2, lname=1731250520380, dateOfBirth=1983-08-24, numberOfDependencies=0, numberOfChildren=0, maritalStatus=SINGLE, alternateContactNumber=0772819815, placeOfBirth=MUTARE, title=MR, email=tnyaguire@gmail.com, educationLevel=PRIMARY, address=520 Patrick Close,Helensvale,Harare,Zimbabwe, employmentDetail=EmploymentDetail(employerName=Getsol, employerContactNumber=07728919815, employeeNumber=123456, grossSalary=2000, netSalary=1500, employmentStartDate=2019-08-24, employmentEndDate=2019-08-24, address=520 Patrick Close,Helensvale,Harare,Zimbabwe), nextOfKin=NextOfKin(firstName=Randal, lastName=Nyagwaya, nationalId=123456789, address=520 Patrick Close,Helensvale,Harare,Zimbabwe, mobileNumber=0772819815, relationship=SIBLING, gender=MALE), nextOfKinIdNumber=123456789U8, nextOfKinName=Randal, nextOfKinPhone=0772819815, nextOfKinRelationShip=SIBLING, nextOfKinAddress=520 Patrick Close, witness=Witness(fullName=Thomas Nyagwaya, placeOfSignature=Mutare, dateSigned=2019-08-24, signature=string), purposeOfLoan=PURCHASE_OF_ASSETS, grossSalary=2000, netSalary=1500, profession=Developer, merchant=null, gender=MALE, bankingDetail=BankingDetail(bankName=CABS, accountName=12345678, branchName=HARARE, branchCode=12345, accountNumber=123456789, accountType=SAVINGS), productDescription=Product Foundation, channelId=null) 
.17:08:02.875 INFO  z.c.r.l.core.loan.LoanServiceImpl - Requesting loan approval: LoanRequest(signatureData=string, amount=100, ecnumber=1234569T, mobileNumber=0772819815, tenor=4, nationalId=string, type=NET_OF_FEES, fname=Thomas 2, lname=1731250520380, dateOfBirth=1983-08-24, numberOfDependencies=0, numberOfChildren=0, maritalStatus=SINGLE, alternateContactNumber=0772819815, placeOfBirth=MUTARE, title=MR, email=tnyaguire@gmail.com, educationLevel=PRIMARY, address=520 Patrick Close,Helensvale,Harare,Zimbabwe, employmentDetail=EmploymentDetail(employerName=Getsol, employerContactNumber=07728919815, employeeNumber=123456, grossSalary=2000, netSalary=1500, employmentStartDate=2019-08-24, employmentEndDate=2019-08-24, address=520 Patrick Close,Helensvale,Harare,Zimbabwe), nextOfKin=NextOfKin(firstName=Randal, lastName=Nyagwaya, nationalId=123456789, address=520 Patrick Close,Helensvale,Harare,Zimbabwe, mobileNumber=0772819815, relationship=SIBLING, gender=MALE), nextOfKinIdNumber=123456789U8, nextOfKinName=Randal, nextOfKinPhone=0772819815, nextOfKinRelationShip=SIBLING, nextOfKinAddress=520 Patrick Close, witness=Witness(fullName=Thomas Nyagwaya, placeOfSignature=Mutare, dateSigned=2019-08-24, signature=string), purposeOfLoan=PURCHASE_OF_ASSETS, grossSalary=2000, netSalary=1500, profession=Developer, merchant=null, gender=MALE, bankingDetail=BankingDetail(bankName=CABS, accountName=12345678, branchName=HARARE, branchCode=12345, accountNumber=123456789, accountType=SAVINGS), productDescription=Product Foundation, channelId=null) 
.17:08:02.918 ERROR z.c.r.loans.RestExceptionHandler - Error:  
java.lang.NullPointerException: Cannot invoke "zw.co.reikan.loans.core.commission.CommissionGroup.isPercentage()" because "commissionGroup" is null
	at zw.co.reikan.loans.core.loan.LoanServiceImpl.calculate(LoanServiceImpl.java:264)
	at zw.co.reikan.loans.core.loan.LoanServiceImpl.requestLoan(LoanServiceImpl.java:124)
	at zw.co.reikan.loans.InternalLoanApplicationController.create(InternalLoanApplicationController.java:47)
	at java.base/jdk.internal.reflect.NativeMethodAccessorImpl.invoke0(Native Method)
	at java.base/jdk.internal.reflect.NativeMethodAccessorImpl.invoke(NativeMethodAccessorImpl.java:77)
	at java.base/jdk.internal.reflect.DelegatingMethodAccessorImpl.invoke(DelegatingMethodAccessorImpl.java:43)
	at java.base/java.lang.reflect.Method.invoke(Method.java:568)
	at org.springframework.web.method.support.InvocableHandlerMethod.doInvoke(InvocableHandlerMethod.java:261)
	at org.springframework.web.method.support.InvocableHandlerMethod.invokeForRequest(InvocableHandlerMethod.java:189)
	at org.springframework.web.servlet.mvc.method.annotation.ServletInvocableHandlerMethod.invokeAndHandle(ServletInvocableHandlerMethod.java:118)
	at org.springframework.web.servlet.mvc.method.annotation.RequestMappingHandlerAdapter.invokeHandlerMethod(RequestMappingHandlerAdapter.java:917)
	at org.springframework.web.servlet.mvc.method.annotation.RequestMappingHandlerAdapter.handleInternal(RequestMappingHandlerAdapter.java:829)
	at org.springframework.web.servlet.mvc.method.AbstractHandlerMethodAdapter.handle(AbstractHandlerMethodAdapter.java:87)
	at org.springframework.web.servlet.DispatcherServlet.doDispatch(DispatcherServlet.java:1089)
	at org.springframework.web.servlet.DispatcherServlet.doService(DispatcherServlet.java:979)
	at org.springframework.web.servlet.FrameworkServlet.processRequest(FrameworkServlet.java:1014)
	at org.springframework.web.servlet.FrameworkServlet.doPost(FrameworkServlet.java:914)
	at jakarta.servlet.http.HttpServlet.service(HttpServlet.java:590)
	at org.springframework.web.servlet.FrameworkServlet.service(FrameworkServlet.java:885)
	at jakarta.servlet.http.HttpServlet.service(HttpServlet.java:658)
	at org.apache.catalina.core.ApplicationFilterChain.internalDoFilter(ApplicationFilterChain.java:205)
	at org.apache.catalina.core.ApplicationFilterChain.doFilter(ApplicationFilterChain.java:149)
	at org.apache.tomcat.websocket.server.WsFilter.doFilter(WsFilter.java:51)
	at org.apache.catalina.core.ApplicationFilterChain.internalDoFilter(ApplicationFilterChain.java:174)
	at org.apache.catalina.core.ApplicationFilterChain.doFilter(ApplicationFilterChain.java:149)
	at org.springframework.web.filter.OncePerRequestFilter.doFilter(OncePerRequestFilter.java:110)
	at org.apache.catalina.core.ApplicationFilterChain.internalDoFilter(ApplicationFilterChain.java:174)
	at org.apache.catalina.core.ApplicationFilterChain.doFilter(ApplicationFilterChain.java:149)
	at zw.co.reikan.loans.SimpleCORSFilter.doFilter(SimpleCORSFilter.java:27)
	at org.apache.catalina.core.ApplicationFilterChain.internalDoFilter(ApplicationFilterChain.java:174)
	at org.apache.catalina.core.ApplicationFilterChain.doFilter(ApplicationFilterChain.java:149)
	at org.springframework.web.filter.CompositeFilter$VirtualFilterChain.doFilter(CompositeFilter.java:108)
	at org.springframework.security.web.FilterChainProxy.lambda$doFilterInternal$3(FilterChainProxy.java:231)
	at org.springframework.security.web.FilterChainProxy$VirtualFilterChain.doFilter(FilterChainProxy.java:365)
	at org.springframework.security.web.access.intercept.AuthorizationFilter.doFilter(AuthorizationFilter.java:100)
	at org.springframework.security.web.FilterChainProxy$VirtualFilterChain.doFilter(FilterChainProxy.java:374)
	at org.springframework.security.web.access.ExceptionTranslationFilter.doFilter(ExceptionTranslationFilter.java:126)
	at org.springframework.security.web.access.ExceptionTranslationFilter.doFilter(ExceptionTranslationFilter.java:120)
	at org.springframework.security.web.FilterChainProxy$VirtualFilterChain.doFilter(FilterChainProxy.java:374)
	at org.springframework.security.web.session.SessionManagementFilter.doFilter(SessionManagementFilter.java:131)
	at org.springframework.security.web.session.SessionManagementFilter.doFilter(SessionManagementFilter.java:85)
	at org.springframework.security.web.FilterChainProxy$VirtualFilterChain.doFilter(FilterChainProxy.java:374)
	at org.springframework.security.web.authentication.AnonymousAuthenticationFilter.doFilter(AnonymousAuthenticationFilter.java:100)
	at org.springframework.security.web.FilterChainProxy$VirtualFilterChain.doFilter(FilterChainProxy.java:374)
	at org.springframework.security.web.servletapi.SecurityContextHolderAwareRequestFilter.doFilter(SecurityContextHolderAwareRequestFilter.java:179)
	at org.springframework.security.web.FilterChainProxy$VirtualFilterChain.doFilter(FilterChainProxy.java:374)
	at org.springframework.security.web.savedrequest.RequestCacheAwareFilter.doFilter(RequestCacheAwareFilter.java:63)
	at org.springframework.security.web.FilterChainProxy$VirtualFilterChain.doFilter(FilterChainProxy.java:374)
	at org.springframework.security.oauth2.server.resource.web.authentication.BearerTokenAuthenticationFilter.doFilterInternal(BearerTokenAuthenticationFilter.java:145)
	at org.springframework.web.filter.OncePerRequestFilter.doFilter(OncePerRequestFilter.java:116)
	at org.springframework.security.web.FilterChainProxy$VirtualFilterChain.doFilter(FilterChainProxy.java:374)
	at org.springframework.security.web.authentication.ui.DefaultLogoutPageGeneratingFilter.doFilterInternal(DefaultLogoutPageGeneratingFilter.java:58)
	at org.springframework.web.filter.OncePerRequestFilter.doFilter(OncePerRequestFilter.java:116)
	at org.springframework.security.web.FilterChainProxy$VirtualFilterChain.doFilter(FilterChainProxy.java:374)
	at org.springframework.security.web.authentication.ui.DefaultLoginPageGeneratingFilter.doFilter(DefaultLoginPageGeneratingFilter.java:189)
	at org.springframework.security.web.authentication.ui.DefaultLoginPageGeneratingFilter.doFilter(DefaultLoginPageGeneratingFilter.java:175)
	at org.springframework.security.web.FilterChainProxy$VirtualFilterChain.doFilter(FilterChainProxy.java:374)
	at org.springframework.security.web.authentication.AbstractAuthenticationProcessingFilter.doFilter(AbstractAuthenticationProcessingFilter.java:227)
	at org.springframework.security.web.authentication.AbstractAuthenticationProcessingFilter.doFilter(AbstractAuthenticationProcessingFilter.java:221)
	at org.springframework.security.web.FilterChainProxy$VirtualFilterChain.doFilter(FilterChainProxy.java:374)
	at org.springframework.security.oauth2.client.web.OAuth2AuthorizationRequestRedirectFilter.doFilterInternal(OAuth2AuthorizationRequestRedirectFilter.java:181)
	at org.springframework.web.filter.OncePerRequestFilter.doFilter(OncePerRequestFilter.java:116)
	at org.springframework.security.web.FilterChainProxy$VirtualFilterChain.doFilter(FilterChainProxy.java:374)
	at org.springframework.security.web.authentication.logout.LogoutFilter.doFilter(LogoutFilter.java:107)
	at org.springframework.security.web.authentication.logout.LogoutFilter.doFilter(LogoutFilter.java:93)
	at org.springframework.security.web.FilterChainProxy$VirtualFilterChain.doFilter(FilterChainProxy.java:374)
	at org.springframework.web.filter.CorsFilter.doFilterInternal(CorsFilter.java:91)
	at org.springframework.web.filter.OncePerRequestFilter.doFilter(OncePerRequestFilter.java:116)
	at org.springframework.security.web.FilterChainProxy$VirtualFilterChain.doFilter(FilterChainProxy.java:374)
	at org.springframework.security.web.header.HeaderWriterFilter.doHeadersAfter(HeaderWriterFilter.java:90)
	at org.springframework.security.web.header.HeaderWriterFilter.doFilterInternal(HeaderWriterFilter.java:75)
	at org.springframework.web.filter.OncePerRequestFilter.doFilter(OncePerRequestFilter.java:116)
	at org.springframework.security.web.FilterChainProxy$VirtualFilterChain.doFilter(FilterChainProxy.java:374)
	at org.springframework.security.web.context.SecurityContextHolderFilter.doFilter(SecurityContextHolderFilter.java:82)
	at org.springframework.security.web.context.SecurityContextHolderFilter.doFilter(SecurityContextHolderFilter.java:69)
	at org.springframework.security.web.FilterChainProxy$VirtualFilterChain.doFilter(FilterChainProxy.java:374)
	at org.springframework.security.web.context.request.async.WebAsyncManagerIntegrationFilter.doFilterInternal(WebAsyncManagerIntegrationFilter.java:62)
	at org.springframework.web.filter.OncePerRequestFilter.doFilter(OncePerRequestFilter.java:116)
	at org.springframework.security.web.FilterChainProxy$VirtualFilterChain.doFilter(FilterChainProxy.java:374)
	at org.springframework.security.web.session.DisableEncodeUrlFilter.doFilterInternal(DisableEncodeUrlFilter.java:42)
	at org.springframework.web.filter.OncePerRequestFilter.doFilter(OncePerRequestFilter.java:116)
	at org.springframework.security.web.FilterChainProxy$VirtualFilterChain.doFilter(FilterChainProxy.java:374)
	at org.springframework.security.web.FilterChainProxy.doFilterInternal(FilterChainProxy.java:233)
	at org.springframework.security.web.FilterChainProxy.doFilter(FilterChainProxy.java:191)
	at org.springframework.web.filter.CompositeFilter$VirtualFilterChain.doFilter(CompositeFilter.java:113)
	at org.springframework.web.servlet.handler.HandlerMappingIntrospector.lambda$createCacheFilter$3(HandlerMappingIntrospector.java:195)
	at org.springframework.web.filter.CompositeFilter$VirtualFilterChain.doFilter(CompositeFilter.java:113)
	at org.springframework.web.filter.CompositeFilter.doFilter(CompositeFilter.java:74)
	at org.springframework.security.config.annotation.web.configuration.WebMvcSecurityConfiguration$CompositeFilterChainProxy.doFilter(WebMvcSecurityConfiguration.java:225)
	at org.springframework.web.filter.DelegatingFilterProxy.invokeDelegate(DelegatingFilterProxy.java:352)
	at org.springframework.web.filter.DelegatingFilterProxy.doFilter(DelegatingFilterProxy.java:268)
	at org.apache.catalina.core.ApplicationFilterChain.internalDoFilter(ApplicationFilterChain.java:174)
	at org.apache.catalina.core.ApplicationFilterChain.doFilter(ApplicationFilterChain.java:149)
	at org.springframework.web.filter.RequestContextFilter.doFilterInternal(RequestContextFilter.java:100)
	at org.springframework.web.filter.OncePerRequestFilter.doFilter(OncePerRequestFilter.java:116)
	at org.apache.catalina.core.ApplicationFilterChain.internalDoFilter(ApplicationFilterChain.java:174)
	at org.apache.catalina.core.ApplicationFilterChain.doFilter(ApplicationFilterChain.java:149)
	at org.springframework.web.filter.FormContentFilter.doFilterInternal(FormContentFilter.java:93)
	at org.springframework.web.filter.OncePerRequestFilter.doFilter(OncePerRequestFilter.java:116)
	at org.apache.catalina.core.ApplicationFilterChain.internalDoFilter(ApplicationFilterChain.java:174)
	at org.apache.catalina.core.ApplicationFilterChain.doFilter(ApplicationFilterChain.java:149)
	at org.springframework.web.filter.CharacterEncodingFilter.doFilterInternal(CharacterEncodingFilter.java:201)
	at org.springframework.web.filter.OncePerRequestFilter.doFilter(OncePerRequestFilter.java:116)
	at org.apache.catalina.core.ApplicationFilterChain.internalDoFilter(ApplicationFilterChain.java:174)
	at org.apache.catalina.core.ApplicationFilterChain.doFilter(ApplicationFilterChain.java:149)
	at org.apache.catalina.core.StandardWrapperValve.invoke(StandardWrapperValve.java:167)
	at org.apache.catalina.core.StandardContextValve.invoke(StandardContextValve.java:90)
	at org.apache.catalina.authenticator.AuthenticatorBase.invoke(AuthenticatorBase.java:482)
	at org.apache.catalina.core.StandardHostValve.invoke(StandardHostValve.java:115)
	at org.apache.catalina.valves.ErrorReportValve.invoke(ErrorReportValve.java:93)
	at org.apache.catalina.core.StandardEngineValve.invoke(StandardEngineValve.java:74)
	at org.apache.catalina.connector.CoyoteAdapter.service(CoyoteAdapter.java:340)
	at org.apache.coyote.http11.Http11Processor.service(Http11Processor.java:391)
	at org.apache.coyote.AbstractProcessorLight.process(AbstractProcessorLight.java:63)
	at org.apache.coyote.AbstractProtocol$ConnectionHandler.process(AbstractProtocol.java:896)
	at org.apache.tomcat.util.net.NioEndpoint$SocketProcessor.doRun(NioEndpoint.java:1744)
	at org.apache.tomcat.util.net.SocketProcessorBase.run(SocketProcessorBase.java:52)
	at org.apache.tomcat.util.threads.ThreadPoolExecutor.runWorker(ThreadPoolExecutor.java:1191)
	at org.apache.tomcat.util.threads.ThreadPoolExecutor$Worker.run(ThreadPoolExecutor.java:659)
	at org.apache.tomcat.util.threads.TaskThread$WrappingRunnable.run(TaskThread.java:61)
	at java.base/java.lang.Thread.run(Thread.java:840)
.17:10:17.734 INFO  z.c.r.l.InternalLoanApplicationController - Create loan request: LoanRequest(signatureData=string, amount=100, ecnumber=1234569T, mobileNumber=0772819815, tenor=4, nationalId=string, type=NET_OF_FEES, fname=Thomas 2, lname=1731250520380, dateOfBirth=1983-08-24, numberOfDependencies=0, numberOfChildren=0, maritalStatus=SINGLE, alternateContactNumber=0772819815, placeOfBirth=MUTARE, title=MR, email=tnyaguire@gmail.com, educationLevel=PRIMARY, address=520 Patrick Close,Helensvale,Harare,Zimbabwe, employmentDetail=EmploymentDetail(employerName=Getsol, employerContactNumber=07728919815, employeeNumber=123456, grossSalary=2000, netSalary=1500, employmentStartDate=2019-08-24, employmentEndDate=2019-08-24, address=520 Patrick Close,Helensvale,Harare,Zimbabwe), nextOfKin=NextOfKin(firstName=Randal, lastName=Nyagwaya, nationalId=123456789, address=520 Patrick Close,Helensvale,Harare,Zimbabwe, mobileNumber=0772819815, relationship=SIBLING, gender=MALE), nextOfKinIdNumber=123456789U8, nextOfKinName=Randal, nextOfKinPhone=0772819815, nextOfKinRelationShip=SIBLING, nextOfKinAddress=520 Patrick Close, witness=Witness(fullName=Thomas Nyagwaya, placeOfSignature=Mutare, dateSigned=2019-08-24, signature=string), purposeOfLoan=PURCHASE_OF_ASSETS, grossSalary=2000, netSalary=1500, profession=Developer, merchant=null, gender=MALE, bankingDetail=BankingDetail(bankName=CABS, accountName=12345678, branchName=HARARE, branchCode=12345, accountNumber=123456789, accountType=SAVINGS), productDescription=Product Foundation, channelId=null) 
.17:10:17.737 INFO  z.c.r.l.core.loan.LoanServiceImpl - Requesting loan approval: LoanRequest(signatureData=string, amount=100, ecnumber=1234569T, mobileNumber=0772819815, tenor=4, nationalId=string, type=NET_OF_FEES, fname=Thomas 2, lname=1731250520380, dateOfBirth=1983-08-24, numberOfDependencies=0, numberOfChildren=0, maritalStatus=SINGLE, alternateContactNumber=0772819815, placeOfBirth=MUTARE, title=MR, email=tnyaguire@gmail.com, educationLevel=PRIMARY, address=520 Patrick Close,Helensvale,Harare,Zimbabwe, employmentDetail=EmploymentDetail(employerName=Getsol, employerContactNumber=07728919815, employeeNumber=123456, grossSalary=2000, netSalary=1500, employmentStartDate=2019-08-24, employmentEndDate=2019-08-24, address=520 Patrick Close,Helensvale,Harare,Zimbabwe), nextOfKin=NextOfKin(firstName=Randal, lastName=Nyagwaya, nationalId=123456789, address=520 Patrick Close,Helensvale,Harare,Zimbabwe, mobileNumber=0772819815, relationship=SIBLING, gender=MALE), nextOfKinIdNumber=123456789U8, nextOfKinName=Randal, nextOfKinPhone=0772819815, nextOfKinRelationShip=SIBLING, nextOfKinAddress=520 Patrick Close, witness=Witness(fullName=Thomas Nyagwaya, placeOfSignature=Mutare, dateSigned=2019-08-24, signature=string), purposeOfLoan=PURCHASE_OF_ASSETS, grossSalary=2000, netSalary=1500, profession=Developer, merchant=null, gender=MALE, bankingDetail=BankingDetail(bankName=CABS, accountName=12345678, branchName=HARARE, branchCode=12345, accountNumber=123456789, accountType=SAVINGS), productDescription=Product Foundation, channelId=null) 
.17:10:17.751 ERROR z.c.r.loans.RestExceptionHandler - Error:  
java.lang.NullPointerException: Cannot invoke "zw.co.reikan.loans.core.commission.CommissionGroup.isPercentage()" because "commissionGroup" is null
	at zw.co.reikan.loans.core.loan.LoanServiceImpl.calculate(LoanServiceImpl.java:264)
	at zw.co.reikan.loans.core.loan.LoanServiceImpl.requestLoan(LoanServiceImpl.java:124)
	at zw.co.reikan.loans.InternalLoanApplicationController.create(InternalLoanApplicationController.java:47)
	at java.base/jdk.internal.reflect.NativeMethodAccessorImpl.invoke0(Native Method)
	at java.base/jdk.internal.reflect.NativeMethodAccessorImpl.invoke(NativeMethodAccessorImpl.java:77)
	at java.base/jdk.internal.reflect.DelegatingMethodAccessorImpl.invoke(DelegatingMethodAccessorImpl.java:43)
	at java.base/java.lang.reflect.Method.invoke(Method.java:568)
	at org.springframework.web.method.support.InvocableHandlerMethod.doInvoke(InvocableHandlerMethod.java:261)
	at org.springframework.web.method.support.InvocableHandlerMethod.invokeForRequest(InvocableHandlerMethod.java:189)
	at org.springframework.web.servlet.mvc.method.annotation.ServletInvocableHandlerMethod.invokeAndHandle(ServletInvocableHandlerMethod.java:118)
	at org.springframework.web.servlet.mvc.method.annotation.RequestMappingHandlerAdapter.invokeHandlerMethod(RequestMappingHandlerAdapter.java:917)
	at org.springframework.web.servlet.mvc.method.annotation.RequestMappingHandlerAdapter.handleInternal(RequestMappingHandlerAdapter.java:829)
	at org.springframework.web.servlet.mvc.method.AbstractHandlerMethodAdapter.handle(AbstractHandlerMethodAdapter.java:87)
	at org.springframework.web.servlet.DispatcherServlet.doDispatch(DispatcherServlet.java:1089)
	at org.springframework.web.servlet.DispatcherServlet.doService(DispatcherServlet.java:979)
	at org.springframework.web.servlet.FrameworkServlet.processRequest(FrameworkServlet.java:1014)
	at org.springframework.web.servlet.FrameworkServlet.doPost(FrameworkServlet.java:914)
	at jakarta.servlet.http.HttpServlet.service(HttpServlet.java:590)
	at org.springframework.web.servlet.FrameworkServlet.service(FrameworkServlet.java:885)
	at jakarta.servlet.http.HttpServlet.service(HttpServlet.java:658)
	at org.apache.catalina.core.ApplicationFilterChain.internalDoFilter(ApplicationFilterChain.java:205)
	at org.apache.catalina.core.ApplicationFilterChain.doFilter(ApplicationFilterChain.java:149)
	at org.apache.tomcat.websocket.server.WsFilter.doFilter(WsFilter.java:51)
	at org.apache.catalina.core.ApplicationFilterChain.internalDoFilter(ApplicationFilterChain.java:174)
	at org.apache.catalina.core.ApplicationFilterChain.doFilter(ApplicationFilterChain.java:149)
	at org.springframework.web.filter.OncePerRequestFilter.doFilter(OncePerRequestFilter.java:110)
	at org.apache.catalina.core.ApplicationFilterChain.internalDoFilter(ApplicationFilterChain.java:174)
	at org.apache.catalina.core.ApplicationFilterChain.doFilter(ApplicationFilterChain.java:149)
	at zw.co.reikan.loans.SimpleCORSFilter.doFilter(SimpleCORSFilter.java:27)
	at org.apache.catalina.core.ApplicationFilterChain.internalDoFilter(ApplicationFilterChain.java:174)
	at org.apache.catalina.core.ApplicationFilterChain.doFilter(ApplicationFilterChain.java:149)
	at org.springframework.web.filter.CompositeFilter$VirtualFilterChain.doFilter(CompositeFilter.java:108)
	at org.springframework.security.web.FilterChainProxy.lambda$doFilterInternal$3(FilterChainProxy.java:231)
	at org.springframework.security.web.FilterChainProxy$VirtualFilterChain.doFilter(FilterChainProxy.java:365)
	at org.springframework.security.web.access.intercept.AuthorizationFilter.doFilter(AuthorizationFilter.java:100)
	at org.springframework.security.web.FilterChainProxy$VirtualFilterChain.doFilter(FilterChainProxy.java:374)
	at org.springframework.security.web.access.ExceptionTranslationFilter.doFilter(ExceptionTranslationFilter.java:126)
	at org.springframework.security.web.access.ExceptionTranslationFilter.doFilter(ExceptionTranslationFilter.java:120)
	at org.springframework.security.web.FilterChainProxy$VirtualFilterChain.doFilter(FilterChainProxy.java:374)
	at org.springframework.security.web.session.SessionManagementFilter.doFilter(SessionManagementFilter.java:131)
	at org.springframework.security.web.session.SessionManagementFilter.doFilter(SessionManagementFilter.java:85)
	at org.springframework.security.web.FilterChainProxy$VirtualFilterChain.doFilter(FilterChainProxy.java:374)
	at org.springframework.security.web.authentication.AnonymousAuthenticationFilter.doFilter(AnonymousAuthenticationFilter.java:100)
	at org.springframework.security.web.FilterChainProxy$VirtualFilterChain.doFilter(FilterChainProxy.java:374)
	at org.springframework.security.web.servletapi.SecurityContextHolderAwareRequestFilter.doFilter(SecurityContextHolderAwareRequestFilter.java:179)
	at org.springframework.security.web.FilterChainProxy$VirtualFilterChain.doFilter(FilterChainProxy.java:374)
	at org.springframework.security.web.savedrequest.RequestCacheAwareFilter.doFilter(RequestCacheAwareFilter.java:63)
	at org.springframework.security.web.FilterChainProxy$VirtualFilterChain.doFilter(FilterChainProxy.java:374)
	at org.springframework.security.oauth2.server.resource.web.authentication.BearerTokenAuthenticationFilter.doFilterInternal(BearerTokenAuthenticationFilter.java:145)
	at org.springframework.web.filter.OncePerRequestFilter.doFilter(OncePerRequestFilter.java:116)
	at org.springframework.security.web.FilterChainProxy$VirtualFilterChain.doFilter(FilterChainProxy.java:374)
	at org.springframework.security.web.authentication.ui.DefaultLogoutPageGeneratingFilter.doFilterInternal(DefaultLogoutPageGeneratingFilter.java:58)
	at org.springframework.web.filter.OncePerRequestFilter.doFilter(OncePerRequestFilter.java:116)
	at org.springframework.security.web.FilterChainProxy$VirtualFilterChain.doFilter(FilterChainProxy.java:374)
	at org.springframework.security.web.authentication.ui.DefaultLoginPageGeneratingFilter.doFilter(DefaultLoginPageGeneratingFilter.java:189)
	at org.springframework.security.web.authentication.ui.DefaultLoginPageGeneratingFilter.doFilter(DefaultLoginPageGeneratingFilter.java:175)
	at org.springframework.security.web.FilterChainProxy$VirtualFilterChain.doFilter(FilterChainProxy.java:374)
	at org.springframework.security.web.authentication.AbstractAuthenticationProcessingFilter.doFilter(AbstractAuthenticationProcessingFilter.java:227)
	at org.springframework.security.web.authentication.AbstractAuthenticationProcessingFilter.doFilter(AbstractAuthenticationProcessingFilter.java:221)
	at org.springframework.security.web.FilterChainProxy$VirtualFilterChain.doFilter(FilterChainProxy.java:374)
	at org.springframework.security.oauth2.client.web.OAuth2AuthorizationRequestRedirectFilter.doFilterInternal(OAuth2AuthorizationRequestRedirectFilter.java:181)
	at org.springframework.web.filter.OncePerRequestFilter.doFilter(OncePerRequestFilter.java:116)
	at org.springframework.security.web.FilterChainProxy$VirtualFilterChain.doFilter(FilterChainProxy.java:374)
	at org.springframework.security.web.authentication.logout.LogoutFilter.doFilter(LogoutFilter.java:107)
	at org.springframework.security.web.authentication.logout.LogoutFilter.doFilter(LogoutFilter.java:93)
	at org.springframework.security.web.FilterChainProxy$VirtualFilterChain.doFilter(FilterChainProxy.java:374)
	at org.springframework.web.filter.CorsFilter.doFilterInternal(CorsFilter.java:91)
	at org.springframework.web.filter.OncePerRequestFilter.doFilter(OncePerRequestFilter.java:116)
	at org.springframework.security.web.FilterChainProxy$VirtualFilterChain.doFilter(FilterChainProxy.java:374)
	at org.springframework.security.web.header.HeaderWriterFilter.doHeadersAfter(HeaderWriterFilter.java:90)
	at org.springframework.security.web.header.HeaderWriterFilter.doFilterInternal(HeaderWriterFilter.java:75)
	at org.springframework.web.filter.OncePerRequestFilter.doFilter(OncePerRequestFilter.java:116)
	at org.springframework.security.web.FilterChainProxy$VirtualFilterChain.doFilter(FilterChainProxy.java:374)
	at org.springframework.security.web.context.SecurityContextHolderFilter.doFilter(SecurityContextHolderFilter.java:82)
	at org.springframework.security.web.context.SecurityContextHolderFilter.doFilter(SecurityContextHolderFilter.java:69)
	at org.springframework.security.web.FilterChainProxy$VirtualFilterChain.doFilter(FilterChainProxy.java:374)
	at org.springframework.security.web.context.request.async.WebAsyncManagerIntegrationFilter.doFilterInternal(WebAsyncManagerIntegrationFilter.java:62)
	at org.springframework.web.filter.OncePerRequestFilter.doFilter(OncePerRequestFilter.java:116)
	at org.springframework.security.web.FilterChainProxy$VirtualFilterChain.doFilter(FilterChainProxy.java:374)
	at org.springframework.security.web.session.DisableEncodeUrlFilter.doFilterInternal(DisableEncodeUrlFilter.java:42)
	at org.springframework.web.filter.OncePerRequestFilter.doFilter(OncePerRequestFilter.java:116)
	at org.springframework.security.web.FilterChainProxy$VirtualFilterChain.doFilter(FilterChainProxy.java:374)
	at org.springframework.security.web.FilterChainProxy.doFilterInternal(FilterChainProxy.java:233)
	at org.springframework.security.web.FilterChainProxy.doFilter(FilterChainProxy.java:191)
	at org.springframework.web.filter.CompositeFilter$VirtualFilterChain.doFilter(CompositeFilter.java:113)
	at org.springframework.web.servlet.handler.HandlerMappingIntrospector.lambda$createCacheFilter$3(HandlerMappingIntrospector.java:195)
	at org.springframework.web.filter.CompositeFilter$VirtualFilterChain.doFilter(CompositeFilter.java:113)
	at org.springframework.web.filter.CompositeFilter.doFilter(CompositeFilter.java:74)
	at org.springframework.security.config.annotation.web.configuration.WebMvcSecurityConfiguration$CompositeFilterChainProxy.doFilter(WebMvcSecurityConfiguration.java:225)
	at org.springframework.web.filter.DelegatingFilterProxy.invokeDelegate(DelegatingFilterProxy.java:352)
	at org.springframework.web.filter.DelegatingFilterProxy.doFilter(DelegatingFilterProxy.java:268)
	at org.apache.catalina.core.ApplicationFilterChain.internalDoFilter(ApplicationFilterChain.java:174)
	at org.apache.catalina.core.ApplicationFilterChain.doFilter(ApplicationFilterChain.java:149)
	at org.springframework.web.filter.RequestContextFilter.doFilterInternal(RequestContextFilter.java:100)
	at org.springframework.web.filter.OncePerRequestFilter.doFilter(OncePerRequestFilter.java:116)
	at org.apache.catalina.core.ApplicationFilterChain.internalDoFilter(ApplicationFilterChain.java:174)
	at org.apache.catalina.core.ApplicationFilterChain.doFilter(ApplicationFilterChain.java:149)
	at org.springframework.web.filter.FormContentFilter.doFilterInternal(FormContentFilter.java:93)
	at org.springframework.web.filter.OncePerRequestFilter.doFilter(OncePerRequestFilter.java:116)
	at org.apache.catalina.core.ApplicationFilterChain.internalDoFilter(ApplicationFilterChain.java:174)
	at org.apache.catalina.core.ApplicationFilterChain.doFilter(ApplicationFilterChain.java:149)
	at org.springframework.web.filter.CharacterEncodingFilter.doFilterInternal(CharacterEncodingFilter.java:201)
	at org.springframework.web.filter.OncePerRequestFilter.doFilter(OncePerRequestFilter.java:116)
	at org.apache.catalina.core.ApplicationFilterChain.internalDoFilter(ApplicationFilterChain.java:174)
	at org.apache.catalina.core.ApplicationFilterChain.doFilter(ApplicationFilterChain.java:149)
	at org.apache.catalina.core.StandardWrapperValve.invoke(StandardWrapperValve.java:167)
	at org.apache.catalina.core.StandardContextValve.invoke(StandardContextValve.java:90)
	at org.apache.catalina.authenticator.AuthenticatorBase.invoke(AuthenticatorBase.java:482)
	at org.apache.catalina.core.StandardHostValve.invoke(StandardHostValve.java:115)
	at org.apache.catalina.valves.ErrorReportValve.invoke(ErrorReportValve.java:93)
	at org.apache.catalina.core.StandardEngineValve.invoke(StandardEngineValve.java:74)
	at org.apache.catalina.connector.CoyoteAdapter.service(CoyoteAdapter.java:340)
	at org.apache.coyote.http11.Http11Processor.service(Http11Processor.java:391)
	at org.apache.coyote.AbstractProcessorLight.process(AbstractProcessorLight.java:63)
	at org.apache.coyote.AbstractProtocol$ConnectionHandler.process(AbstractProtocol.java:896)
	at org.apache.tomcat.util.net.NioEndpoint$SocketProcessor.doRun(NioEndpoint.java:1744)
	at org.apache.tomcat.util.net.SocketProcessorBase.run(SocketProcessorBase.java:52)
	at org.apache.tomcat.util.threads.ThreadPoolExecutor.runWorker(ThreadPoolExecutor.java:1191)
	at org.apache.tomcat.util.threads.ThreadPoolExecutor$Worker.run(ThreadPoolExecutor.java:659)
	at org.apache.tomcat.util.threads.TaskThread$WrappingRunnable.run(TaskThread.java:61)
	at java.base/java.lang.Thread.run(Thread.java:840)
.17:10:22.671 INFO  o.s.o.j.LocalContainerEntityManagerFactoryBean - Closing JPA EntityManagerFactory for persistence unit 'default' 
.17:10:22.672 INFO  com.zaxxer.hikari.HikariDataSource - HikariPool-1 - Shutdown initiated... 
.17:10:22.675 INFO  com.zaxxer.hikari.HikariDataSource - HikariPool-1 - Shutdown completed. 
.17:10:24.452 INFO  z.c.reikan.loans.LoansApiApplication - Starting LoansApiApplication using Java 17.0.12 with PID 3042 (/Users/thomasnyagwaya/Code/getsol/bulkit-loans/loans-api/target/classes started by thomasnyagwaya in /Users/thomasnyagwaya/Code/getsol/bulkit-loans) 
.17:10:24.452 INFO  z.c.reikan.loans.LoansApiApplication - The following 1 profile is active: "api" 
.17:10:24.756 INFO  o.s.d.r.c.RepositoryConfigurationDelegate - Bootstrapping Spring Data JPA repositories in DEFAULT mode. 
.17:10:24.789 INFO  o.s.d.r.c.RepositoryConfigurationDelegate - Finished Spring Data repository scanning in 30 ms. Found 8 JPA repository interfaces. 
.17:10:24.972 INFO  o.s.b.w.e.tomcat.TomcatWebServer - Tomcat initialized with port 8080 (http) 
.17:10:24.976 INFO  o.a.coyote.http11.Http11NioProtocol - Initializing ProtocolHandler ["http-nio-8080"] 
.17:10:24.977 INFO  o.a.catalina.core.StandardService - Starting service [Tomcat] 
.17:10:24.977 INFO  o.a.catalina.core.StandardEngine - Starting Servlet engine: [Apache Tomcat/10.1.18] 
.17:10:25.001 INFO  o.a.c.c.C.[Tomcat].[localhost].[/] - Initializing Spring embedded WebApplicationContext 
.17:10:25.001 INFO  o.s.b.w.s.c.ServletWebServerApplicationContext - Root WebApplicationContext: initialization completed in 531 ms 
.17:10:25.069 INFO  o.h.jpa.internal.util.LogHelper - HHH000204: Processing PersistenceUnitInfo [name: default] 
.17:10:25.085 INFO  org.hibernate.Version - HHH000412: Hibernate ORM core version 6.4.1.Final 
.17:10:25.094 INFO  o.h.c.i.RegionFactoryInitiator - HHH000026: Second-level cache disabled 
.17:10:25.159 INFO  o.s.o.j.p.SpringPersistenceUnitInfo - No LoadTimeWeaver setup: ignoring JPA class transformer 
.17:10:25.168 INFO  com.zaxxer.hikari.HikariDataSource - HikariPool-1 - Starting... 
.17:10:25.293 INFO  com.zaxxer.hikari.pool.HikariPool - HikariPool-1 - Added connection com.mysql.cj.jdbc.ConnectionImpl@58f97013 
.17:10:25.294 INFO  com.zaxxer.hikari.HikariDataSource - HikariPool-1 - Start completed. 
.17:10:25.310 WARN  org.hibernate.orm.deprecation - HHH90000025: MySQL8Dialect does not need to be specified explicitly using 'hibernate.dialect' (remove the property setting and it will be selected by default) 
.17:10:25.310 WARN  org.hibernate.orm.deprecation - HHH90000026: MySQL8Dialect has been deprecated; use org.hibernate.dialect.MySQLDialect instead 
.17:10:25.690 INFO  o.h.e.t.j.p.i.JtaPlatformInitiator - HHH000489: No JTA platform available (set 'hibernate.transaction.jta.platform' to enable JTA platform integration) 
.17:10:25.722 WARN  o.h.t.s.i.ExceptionHandlerLoggedImpl - GenerationTarget encountered exception accepting command : Error executing DDL "alter table `loan_request` modify column `signature` `MEDIUMTEXT`" via JDBC [You have an error in your SQL syntax; check the manual that corresponds to your MySQL server version for the right syntax to use near '`MEDIUMTEXT`' at line 1] 
org.hibernate.tool.schema.spi.CommandAcceptanceException: Error executing DDL "alter table `loan_request` modify column `signature` `MEDIUMTEXT`" via JDBC [You have an error in your SQL syntax; check the manual that corresponds to your MySQL server version for the right syntax to use near '`MEDIUMTEXT`' at line 1]
	at org.hibernate.tool.schema.internal.exec.GenerationTargetToDatabase.accept(GenerationTargetToDatabase.java:94)
	at org.hibernate.tool.schema.internal.AbstractSchemaMigrator.applySqlString(AbstractSchemaMigrator.java:574)
	at org.hibernate.tool.schema.internal.AbstractSchemaMigrator.applySqlStrings(AbstractSchemaMigrator.java:514)
	at org.hibernate.tool.schema.internal.AbstractSchemaMigrator.migrateTable(AbstractSchemaMigrator.java:333)
	at org.hibernate.tool.schema.internal.GroupedSchemaMigratorImpl.performTablesMigration(GroupedSchemaMigratorImpl.java:84)
	at org.hibernate.tool.schema.internal.AbstractSchemaMigrator.performMigration(AbstractSchemaMigrator.java:232)
	at org.hibernate.tool.schema.internal.AbstractSchemaMigrator.doMigration(AbstractSchemaMigrator.java:117)
	at org.hibernate.tool.schema.spi.SchemaManagementToolCoordinator.performDatabaseAction(SchemaManagementToolCoordinator.java:286)
	at org.hibernate.tool.schema.spi.SchemaManagementToolCoordinator.lambda$process$5(SchemaManagementToolCoordinator.java:145)
	at java.base/java.util.HashMap.forEach(HashMap.java:1421)
	at org.hibernate.tool.schema.spi.SchemaManagementToolCoordinator.process(SchemaManagementToolCoordinator.java:142)
	at org.hibernate.boot.internal.SessionFactoryObserverForSchemaExport.sessionFactoryCreated(SessionFactoryObserverForSchemaExport.java:37)
	at org.hibernate.internal.SessionFactoryObserverChain.sessionFactoryCreated(SessionFactoryObserverChain.java:35)
	at org.hibernate.internal.SessionFactoryImpl.<init>(SessionFactoryImpl.java:315)
	at org.hibernate.boot.internal.SessionFactoryBuilderImpl.build(SessionFactoryBuilderImpl.java:450)
	at org.hibernate.jpa.boot.internal.EntityManagerFactoryBuilderImpl.build(EntityManagerFactoryBuilderImpl.java:1507)
	at org.springframework.orm.jpa.vendor.SpringHibernateJpaPersistenceProvider.createContainerEntityManagerFactory(SpringHibernateJpaPersistenceProvider.java:75)
	at org.springframework.orm.jpa.LocalContainerEntityManagerFactoryBean.createNativeEntityManagerFactory(LocalContainerEntityManagerFactoryBean.java:376)
	at org.springframework.orm.jpa.AbstractEntityManagerFactoryBean.buildNativeEntityManagerFactory(AbstractEntityManagerFactoryBean.java:409)
	at org.springframework.orm.jpa.AbstractEntityManagerFactoryBean.afterPropertiesSet(AbstractEntityManagerFactoryBean.java:396)
	at org.springframework.orm.jpa.LocalContainerEntityManagerFactoryBean.afterPropertiesSet(LocalContainerEntityManagerFactoryBean.java:352)
	at org.springframework.beans.factory.support.AbstractAutowireCapableBeanFactory.invokeInitMethods(AbstractAutowireCapableBeanFactory.java:1820)
	at org.springframework.beans.factory.support.AbstractAutowireCapableBeanFactory.initializeBean(AbstractAutowireCapableBeanFactory.java:1769)
	at org.springframework.beans.factory.support.AbstractAutowireCapableBeanFactory.doCreateBean(AbstractAutowireCapableBeanFactory.java:599)
	at org.springframework.beans.factory.support.AbstractAutowireCapableBeanFactory.createBean(AbstractAutowireCapableBeanFactory.java:521)
	at org.springframework.beans.factory.support.AbstractBeanFactory.lambda$doGetBean$0(AbstractBeanFactory.java:325)
	at org.springframework.beans.factory.support.DefaultSingletonBeanRegistry.getSingleton(DefaultSingletonBeanRegistry.java:234)
	at org.springframework.beans.factory.support.AbstractBeanFactory.doGetBean(AbstractBeanFactory.java:323)
	at org.springframework.beans.factory.support.AbstractBeanFactory.getBean(AbstractBeanFactory.java:199)
	at org.springframework.context.support.AbstractApplicationContext.getBean(AbstractApplicationContext.java:1231)
	at org.springframework.context.support.AbstractApplicationContext.finishBeanFactoryInitialization(AbstractApplicationContext.java:949)
	at org.springframework.context.support.AbstractApplicationContext.refresh(AbstractApplicationContext.java:624)
	at org.springframework.boot.web.servlet.context.ServletWebServerApplicationContext.refresh(ServletWebServerApplicationContext.java:146)
	at org.springframework.boot.SpringApplication.refresh(SpringApplication.java:754)
	at org.springframework.boot.SpringApplication.refreshContext(SpringApplication.java:456)
	at org.springframework.boot.SpringApplication.run(SpringApplication.java:334)
	at org.springframework.boot.SpringApplication.run(SpringApplication.java:1354)
	at org.springframework.boot.SpringApplication.run(SpringApplication.java:1343)
	at zw.co.reikan.loans.LoansApiApplication.main(LoansApiApplication.java:44)
Caused by: java.sql.SQLSyntaxErrorException: You have an error in your SQL syntax; check the manual that corresponds to your MySQL server version for the right syntax to use near '`MEDIUMTEXT`' at line 1
	at com.mysql.cj.jdbc.exceptions.SQLError.createSQLException(SQLError.java:121)
	at com.mysql.cj.jdbc.exceptions.SQLExceptionsMapping.translateException(SQLExceptionsMapping.java:122)
	at com.mysql.cj.jdbc.StatementImpl.executeInternal(StatementImpl.java:770)
	at com.mysql.cj.jdbc.StatementImpl.execute(StatementImpl.java:653)
	at com.zaxxer.hikari.pool.ProxyStatement.execute(ProxyStatement.java:94)
	at com.zaxxer.hikari.pool.HikariProxyStatement.execute(HikariProxyStatement.java)
	at org.hibernate.tool.schema.internal.exec.GenerationTargetToDatabase.accept(GenerationTargetToDatabase.java:80)
	... 38 common frames omitted
.17:10:25.723 WARN  o.h.t.s.i.ExceptionHandlerLoggedImpl - GenerationTarget encountered exception accepting command : Error executing DDL "alter table `loan_request` modify column `witness_signature` `MEDIUMTEXT`" via JDBC [You have an error in your SQL syntax; check the manual that corresponds to your MySQL server version for the right syntax to use near '`MEDIUMTEXT`' at line 1] 
org.hibernate.tool.schema.spi.CommandAcceptanceException: Error executing DDL "alter table `loan_request` modify column `witness_signature` `MEDIUMTEXT`" via JDBC [You have an error in your SQL syntax; check the manual that corresponds to your MySQL server version for the right syntax to use near '`MEDIUMTEXT`' at line 1]
	at org.hibernate.tool.schema.internal.exec.GenerationTargetToDatabase.accept(GenerationTargetToDatabase.java:94)
	at org.hibernate.tool.schema.internal.AbstractSchemaMigrator.applySqlString(AbstractSchemaMigrator.java:574)
	at org.hibernate.tool.schema.internal.AbstractSchemaMigrator.applySqlStrings(AbstractSchemaMigrator.java:514)
	at org.hibernate.tool.schema.internal.AbstractSchemaMigrator.migrateTable(AbstractSchemaMigrator.java:333)
	at org.hibernate.tool.schema.internal.GroupedSchemaMigratorImpl.performTablesMigration(GroupedSchemaMigratorImpl.java:84)
	at org.hibernate.tool.schema.internal.AbstractSchemaMigrator.performMigration(AbstractSchemaMigrator.java:232)
	at org.hibernate.tool.schema.internal.AbstractSchemaMigrator.doMigration(AbstractSchemaMigrator.java:117)
	at org.hibernate.tool.schema.spi.SchemaManagementToolCoordinator.performDatabaseAction(SchemaManagementToolCoordinator.java:286)
	at org.hibernate.tool.schema.spi.SchemaManagementToolCoordinator.lambda$process$5(SchemaManagementToolCoordinator.java:145)
	at java.base/java.util.HashMap.forEach(HashMap.java:1421)
	at org.hibernate.tool.schema.spi.SchemaManagementToolCoordinator.process(SchemaManagementToolCoordinator.java:142)
	at org.hibernate.boot.internal.SessionFactoryObserverForSchemaExport.sessionFactoryCreated(SessionFactoryObserverForSchemaExport.java:37)
	at org.hibernate.internal.SessionFactoryObserverChain.sessionFactoryCreated(SessionFactoryObserverChain.java:35)
	at org.hibernate.internal.SessionFactoryImpl.<init>(SessionFactoryImpl.java:315)
	at org.hibernate.boot.internal.SessionFactoryBuilderImpl.build(SessionFactoryBuilderImpl.java:450)
	at org.hibernate.jpa.boot.internal.EntityManagerFactoryBuilderImpl.build(EntityManagerFactoryBuilderImpl.java:1507)
	at org.springframework.orm.jpa.vendor.SpringHibernateJpaPersistenceProvider.createContainerEntityManagerFactory(SpringHibernateJpaPersistenceProvider.java:75)
	at org.springframework.orm.jpa.LocalContainerEntityManagerFactoryBean.createNativeEntityManagerFactory(LocalContainerEntityManagerFactoryBean.java:376)
	at org.springframework.orm.jpa.AbstractEntityManagerFactoryBean.buildNativeEntityManagerFactory(AbstractEntityManagerFactoryBean.java:409)
	at org.springframework.orm.jpa.AbstractEntityManagerFactoryBean.afterPropertiesSet(AbstractEntityManagerFactoryBean.java:396)
	at org.springframework.orm.jpa.LocalContainerEntityManagerFactoryBean.afterPropertiesSet(LocalContainerEntityManagerFactoryBean.java:352)
	at org.springframework.beans.factory.support.AbstractAutowireCapableBeanFactory.invokeInitMethods(AbstractAutowireCapableBeanFactory.java:1820)
	at org.springframework.beans.factory.support.AbstractAutowireCapableBeanFactory.initializeBean(AbstractAutowireCapableBeanFactory.java:1769)
	at org.springframework.beans.factory.support.AbstractAutowireCapableBeanFactory.doCreateBean(AbstractAutowireCapableBeanFactory.java:599)
	at org.springframework.beans.factory.support.AbstractAutowireCapableBeanFactory.createBean(AbstractAutowireCapableBeanFactory.java:521)
	at org.springframework.beans.factory.support.AbstractBeanFactory.lambda$doGetBean$0(AbstractBeanFactory.java:325)
	at org.springframework.beans.factory.support.DefaultSingletonBeanRegistry.getSingleton(DefaultSingletonBeanRegistry.java:234)
	at org.springframework.beans.factory.support.AbstractBeanFactory.doGetBean(AbstractBeanFactory.java:323)
	at org.springframework.beans.factory.support.AbstractBeanFactory.getBean(AbstractBeanFactory.java:199)
	at org.springframework.context.support.AbstractApplicationContext.getBean(AbstractApplicationContext.java:1231)
	at org.springframework.context.support.AbstractApplicationContext.finishBeanFactoryInitialization(AbstractApplicationContext.java:949)
	at org.springframework.context.support.AbstractApplicationContext.refresh(AbstractApplicationContext.java:624)
	at org.springframework.boot.web.servlet.context.ServletWebServerApplicationContext.refresh(ServletWebServerApplicationContext.java:146)
	at org.springframework.boot.SpringApplication.refresh(SpringApplication.java:754)
	at org.springframework.boot.SpringApplication.refreshContext(SpringApplication.java:456)
	at org.springframework.boot.SpringApplication.run(SpringApplication.java:334)
	at org.springframework.boot.SpringApplication.run(SpringApplication.java:1354)
	at org.springframework.boot.SpringApplication.run(SpringApplication.java:1343)
	at zw.co.reikan.loans.LoansApiApplication.main(LoansApiApplication.java:44)
Caused by: java.sql.SQLSyntaxErrorException: You have an error in your SQL syntax; check the manual that corresponds to your MySQL server version for the right syntax to use near '`MEDIUMTEXT`' at line 1
	at com.mysql.cj.jdbc.exceptions.SQLError.createSQLException(SQLError.java:121)
	at com.mysql.cj.jdbc.exceptions.SQLExceptionsMapping.translateException(SQLExceptionsMapping.java:122)
	at com.mysql.cj.jdbc.StatementImpl.executeInternal(StatementImpl.java:770)
	at com.mysql.cj.jdbc.StatementImpl.execute(StatementImpl.java:653)
	at com.zaxxer.hikari.pool.ProxyStatement.execute(ProxyStatement.java:94)
	at com.zaxxer.hikari.pool.HikariProxyStatement.execute(HikariProxyStatement.java)
	at org.hibernate.tool.schema.internal.exec.GenerationTargetToDatabase.accept(GenerationTargetToDatabase.java:80)
	... 38 common frames omitted
.17:10:25.794 INFO  o.s.o.j.LocalContainerEntityManagerFactoryBean - Initialized JPA EntityManagerFactory for persistence unit 'default' 
.17:10:25.804 INFO  z.c.r.l.core.config.SecurityConfig - Creating keyclok: username: admin, password: admin@Keyc1oaK 
.17:10:26.020 INFO  o.s.d.j.r.query.QueryEnhancerFactory - Hibernate is in classpath; If applicable, HQL parser will be used. 
.17:10:27.732 INFO  o.s.s.web.DefaultSecurityFilterChain - Will secure Or [Mvc [pattern='/auth/**'], Mvc [pattern='/v3/api-docs/**'], Mvc [pattern='/swagger-ui/**'], Mvc [pattern='/swagger-ui.html'], Mvc [pattern='/spec.html'], Mvc [pattern='/swagger-resources/**'], Mvc [pattern='/configuration/security']] with [org.springframework.security.web.session.DisableEncodeUrlFilter@36f2a2a3, org.springframework.security.web.context.request.async.WebAsyncManagerIntegrationFilter@2dcfa917, org.springframework.security.web.context.SecurityContextHolderFilter@1b0cfe11, org.springframework.security.web.header.HeaderWriterFilter@6659e7f5, org.springframework.web.filter.CorsFilter@2d4fb0d8, org.springframework.security.web.csrf.CsrfFilter@7d31918a, org.springframework.security.web.authentication.logout.LogoutFilter@3d65e8c5, org.springframework.security.web.savedrequest.RequestCacheAwareFilter@b8d10c9, org.springframework.security.web.servletapi.SecurityContextHolderAwareRequestFilter@149a793a, org.springframework.security.web.authentication.AnonymousAuthenticationFilter@45198fd9, org.springframework.security.web.access.ExceptionTranslationFilter@58b8ee01, org.springframework.security.web.access.intercept.AuthorizationFilter@66d1cdea] 
.17:10:27.754 INFO  o.s.s.web.DefaultSecurityFilterChain - Will secure Or [Mvc [pattern='/api/**']] with [org.springframework.security.web.session.DisableEncodeUrlFilter@67feb5d0, org.springframework.security.web.context.request.async.WebAsyncManagerIntegrationFilter@326acc7c, org.springframework.security.web.context.SecurityContextHolderFilter@795239f9, org.springframework.security.web.header.HeaderWriterFilter@50d3db27, org.springframework.web.filter.CorsFilter@2d4fb0d8, org.springframework.security.web.authentication.logout.LogoutFilter@1cfa4ad9, org.springframework.security.oauth2.client.web.OAuth2AuthorizationRequestRedirectFilter@489cbbcb, org.springframework.security.oauth2.client.web.OAuth2LoginAuthenticationFilter@64ee4b14, org.springframework.security.web.authentication.ui.DefaultLoginPageGeneratingFilter@75e032af, org.springframework.security.web.authentication.ui.DefaultLogoutPageGeneratingFilter@19cf111c, org.springframework.security.oauth2.server.resource.web.authentication.BearerTokenAuthenticationFilter@6e25ae24, org.springframework.security.web.savedrequest.RequestCacheAwareFilter@3796df17, org.springframework.security.web.servletapi.SecurityContextHolderAwareRequestFilter@e5a654f, org.springframework.security.web.authentication.AnonymousAuthenticationFilter@fef4fda, org.springframework.security.web.session.SessionManagementFilter@3878672c, org.springframework.security.web.access.ExceptionTranslationFilter@22fc72e8, org.springframework.security.web.access.intercept.AuthorizationFilter@35d613cb] 
.17:10:27.870 INFO  o.a.coyote.http11.Http11NioProtocol - Starting ProtocolHandler ["http-nio-8080"] 
.17:10:27.875 INFO  o.s.b.w.e.tomcat.TomcatWebServer - Tomcat started on port 8080 (http) with context path '' 
.17:10:27.880 INFO  z.c.reikan.loans.LoansApiApplication - Started LoansApiApplication in 3.54 seconds (process running for 3.836) 
.17:10:27.881 INFO  zw.co.reikan.loans.core.StartupTask - Attempting to create CommissionGroup: CommissionGroup(name=80-20-Favoring-BulkIT, agentCommission=20.0, providerCommission=80.0, percentage=true, enabled=false) 
.17:10:27.922 WARN  zw.co.reikan.loans.core.StartupTask - CommissionGroup already exists: 80-20-Favoring-BulkIT 
.17:10:27.923 INFO  zw.co.reikan.loans.core.StartupTask - Attempting to create CommissionGroup: CommissionGroup(name=100-Favoring-BulkIT, agentCommission=0.0, providerCommission=100.0, percentage=true, enabled=false) 
.17:10:27.924 WARN  zw.co.reikan.loans.core.StartupTask - CommissionGroup already exists: 100-Favoring-BulkIT 
.17:10:27.924 INFO  zw.co.reikan.loans.core.StartupTask - Attempting to create Innbucks default merchant service 
.17:10:27.930 WARN  zw.co.reikan.loans.core.StartupTask - Merchant with merchant code innbucks-2562-4f1f-b961-c546ea7c0481 already exists 
zw.co.reikan.loans.core.exception.ValidationException: Merchant with merchant code innbucks-2562-4f1f-b961-c546ea7c0481 already exists
	at zw.co.reikan.loans.core.merchant.MerchantService.validateRequest(MerchantService.java:63)
	at zw.co.reikan.loans.core.merchant.MerchantService.createMerchant(MerchantService.java:35)
	at java.base/jdk.internal.reflect.NativeMethodAccessorImpl.invoke0(Native Method)
	at java.base/jdk.internal.reflect.NativeMethodAccessorImpl.invoke(NativeMethodAccessorImpl.java:77)
	at java.base/jdk.internal.reflect.DelegatingMethodAccessorImpl.invoke(DelegatingMethodAccessorImpl.java:43)
	at java.base/java.lang.reflect.Method.invoke(Method.java:568)
	at org.springframework.aop.support.AopUtils.invokeJoinpointUsingReflection(AopUtils.java:351)
	at org.springframework.aop.framework.ReflectiveMethodInvocation.invokeJoinpoint(ReflectiveMethodInvocation.java:196)
	at org.springframework.aop.framework.ReflectiveMethodInvocation.proceed(ReflectiveMethodInvocation.java:163)
	at org.springframework.aop.framework.CglibAopProxy$CglibMethodInvocation.proceed(CglibAopProxy.java:765)
	at org.springframework.transaction.interceptor.TransactionInterceptor$1.proceedWithInvocation(TransactionInterceptor.java:123)
	at org.springframework.transaction.interceptor.TransactionAspectSupport.invokeWithinTransaction(TransactionAspectSupport.java:385)
	at org.springframework.transaction.interceptor.TransactionInterceptor.invoke(TransactionInterceptor.java:119)
	at org.springframework.aop.framework.ReflectiveMethodInvocation.proceed(ReflectiveMethodInvocation.java:184)
	at org.springframework.aop.framework.CglibAopProxy$CglibMethodInvocation.proceed(CglibAopProxy.java:765)
	at org.springframework.aop.framework.CglibAopProxy$DynamicAdvisedInterceptor.intercept(CglibAopProxy.java:717)
	at zw.co.reikan.loans.core.merchant.MerchantService$$SpringCGLIB$$0.createMerchant(<generated>)
	at zw.co.reikan.loans.core.StartupTask.createDefaultMerchant(StartupTask.java:114)
	at zw.co.reikan.loans.core.StartupTask.run(StartupTask.java:40)
	at org.springframework.boot.SpringApplication.lambda$callRunner$5(SpringApplication.java:790)
	at org.springframework.util.function.ThrowingConsumer$1.acceptWithException(ThrowingConsumer.java:83)
	at org.springframework.util.function.ThrowingConsumer.accept(ThrowingConsumer.java:60)
	at org.springframework.util.function.ThrowingConsumer$1.accept(ThrowingConsumer.java:88)
	at org.springframework.boot.SpringApplication.callRunner(SpringApplication.java:798)
	at org.springframework.boot.SpringApplication.callRunner(SpringApplication.java:789)
	at org.springframework.boot.SpringApplication.lambda$callRunners$3(SpringApplication.java:774)
	at java.base/java.util.stream.ForEachOps$ForEachOp$OfRef.accept(ForEachOps.java:183)
	at java.base/java.util.stream.SortedOps$SizedRefSortingSink.end(SortedOps.java:357)
	at java.base/java.util.stream.AbstractPipeline.copyInto(AbstractPipeline.java:510)
	at java.base/java.util.stream.AbstractPipeline.wrapAndCopyInto(AbstractPipeline.java:499)
	at java.base/java.util.stream.ForEachOps$ForEachOp.evaluateSequential(ForEachOps.java:150)
	at java.base/java.util.stream.ForEachOps$ForEachOp$OfRef.evaluateSequential(ForEachOps.java:173)
	at java.base/java.util.stream.AbstractPipeline.evaluate(AbstractPipeline.java:234)
	at java.base/java.util.stream.ReferencePipeline.forEach(ReferencePipeline.java:596)
	at org.springframework.boot.SpringApplication.callRunners(SpringApplication.java:774)
	at org.springframework.boot.SpringApplication.run(SpringApplication.java:341)
	at org.springframework.boot.SpringApplication.run(SpringApplication.java:1354)
	at org.springframework.boot.SpringApplication.run(SpringApplication.java:1343)
	at zw.co.reikan.loans.LoansApiApplication.main(LoansApiApplication.java:44)
.17:10:27.935 INFO  zw.co.reikan.loans.core.StartupTask - Attempting to create channel: Channel(channelId=mobile_app_channel_13a71261-f59c-466a-baca-31f6e2a7832e, name=Mobile App Channel, systemUser=User(username=SYSTEM_USER, externalSystemId=04a7a520-fd78-4932-a9ad-15e7d5432b38, merchant=Merchant(merchantCode=71520ae6-78e7-484d-9b75-b58f73640365, name=Acme Corporation, accountNumber=ACM123456789, disbursementType=MERCHANT_MOBILE_WALLET, commissionGroup=null, commissionStructure=null), temporaryPassword=true, agent=null, commissionGroup=null)) 
.17:10:27.939 WARN  zw.co.reikan.loans.core.StartupTask - Channel already exists: mobile_app_channel_13a71261-f59c-466a-baca-31f6e2a7832e 
.17:10:27.939 INFO  zw.co.reikan.loans.core.StartupTask - Attempting to create channel: Channel(channelId=admin_portal_channel_5b2d532e-5c00-4d8d-80df-86b41b42f40f, name=Admin Portal Channel, systemUser=User(username=SYSTEM_USER, externalSystemId=04a7a520-fd78-4932-a9ad-15e7d5432b38, merchant=Merchant(merchantCode=71520ae6-78e7-484d-9b75-b58f73640365, name=Acme Corporation, accountNumber=ACM123456789, disbursementType=MERCHANT_MOBILE_WALLET, commissionGroup=null, commissionStructure=null), temporaryPassword=true, agent=null, commissionGroup=null)) 
.17:10:27.941 WARN  zw.co.reikan.loans.core.StartupTask - Channel already exists: admin_portal_channel_5b2d532e-5c00-4d8d-80df-86b41b42f40f 
.17:10:27.941 INFO  zw.co.reikan.loans.core.StartupTask - Attempting to create channel: Channel(channelId=web_app_channel_189ae29c-b09a-4ef3-80d4-f3164978d054, name=Web App Channel, systemUser=User(username=SYSTEM_USER, externalSystemId=04a7a520-fd78-4932-a9ad-15e7d5432b38, merchant=Merchant(merchantCode=71520ae6-78e7-484d-9b75-b58f73640365, name=Acme Corporation, accountNumber=ACM123456789, disbursementType=MERCHANT_MOBILE_WALLET, commissionGroup=null, commissionStructure=null), temporaryPassword=true, agent=null, commissionGroup=null)) 
.17:10:27.943 WARN  zw.co.reikan.loans.core.StartupTask - Channel already exists: web_app_channel_189ae29c-b09a-4ef3-80d4-f3164978d054 
.17:12:13.528 INFO  o.a.c.c.C.[Tomcat].[localhost].[/] - Initializing Spring DispatcherServlet 'dispatcherServlet' 
.17:12:13.528 INFO  o.s.web.servlet.DispatcherServlet - Initializing Servlet 'dispatcherServlet' 
.17:12:13.529 INFO  o.s.web.servlet.DispatcherServlet - Completed initialization in 1 ms 
.17:12:14.875 INFO  z.c.r.l.InternalLoanApplicationController - Create loan request: LoanRequest(signatureData=string, amount=100, ecnumber=1234569T, mobileNumber=0772819815, tenor=4, nationalId=string, type=NET_OF_FEES, fname=Thomas 2, lname=1731250520380, dateOfBirth=1983-08-24, numberOfDependencies=0, numberOfChildren=0, maritalStatus=SINGLE, alternateContactNumber=0772819815, placeOfBirth=MUTARE, title=MR, email=tnyaguire@gmail.com, educationLevel=PRIMARY, address=520 Patrick Close,Helensvale,Harare,Zimbabwe, employmentDetail=EmploymentDetail(employerName=Getsol, employerContactNumber=07728919815, employeeNumber=123456, grossSalary=2000, netSalary=1500, employmentStartDate=2019-08-24, employmentEndDate=2019-08-24, address=520 Patrick Close,Helensvale,Harare,Zimbabwe), nextOfKin=NextOfKin(firstName=Randal, lastName=Nyagwaya, nationalId=123456789, address=520 Patrick Close,Helensvale,Harare,Zimbabwe, mobileNumber=0772819815, relationship=SIBLING, gender=MALE), nextOfKinIdNumber=123456789U8, nextOfKinName=Randal, nextOfKinPhone=0772819815, nextOfKinRelationShip=SIBLING, nextOfKinAddress=520 Patrick Close, witness=Witness(fullName=Thomas Nyagwaya, placeOfSignature=Mutare, dateSigned=2019-08-24, signature=string), purposeOfLoan=PURCHASE_OF_ASSETS, grossSalary=2000, netSalary=1500, profession=Developer, merchant=null, gender=MALE, bankingDetail=BankingDetail(bankName=CABS, accountName=12345678, branchName=HARARE, branchCode=12345, accountNumber=123456789, accountType=SAVINGS), productDescription=Product Foundation, channelId=null) 
.17:12:14.886 INFO  z.c.r.l.core.loan.LoanServiceImpl - Requesting loan approval: LoanRequest(signatureData=string, amount=100, ecnumber=1234569T, mobileNumber=0772819815, tenor=4, nationalId=string, type=NET_OF_FEES, fname=Thomas 2, lname=1731250520380, dateOfBirth=1983-08-24, numberOfDependencies=0, numberOfChildren=0, maritalStatus=SINGLE, alternateContactNumber=0772819815, placeOfBirth=MUTARE, title=MR, email=tnyaguire@gmail.com, educationLevel=PRIMARY, address=520 Patrick Close,Helensvale,Harare,Zimbabwe, employmentDetail=EmploymentDetail(employerName=Getsol, employerContactNumber=07728919815, employeeNumber=123456, grossSalary=2000, netSalary=1500, employmentStartDate=2019-08-24, employmentEndDate=2019-08-24, address=520 Patrick Close,Helensvale,Harare,Zimbabwe), nextOfKin=NextOfKin(firstName=Randal, lastName=Nyagwaya, nationalId=123456789, address=520 Patrick Close,Helensvale,Harare,Zimbabwe, mobileNumber=0772819815, relationship=SIBLING, gender=MALE), nextOfKinIdNumber=123456789U8, nextOfKinName=Randal, nextOfKinPhone=0772819815, nextOfKinRelationShip=SIBLING, nextOfKinAddress=520 Patrick Close, witness=Witness(fullName=Thomas Nyagwaya, placeOfSignature=Mutare, dateSigned=2019-08-24, signature=string), purposeOfLoan=PURCHASE_OF_ASSETS, grossSalary=2000, netSalary=1500, profession=Developer, merchant=null, gender=MALE, bankingDetail=BankingDetail(bankName=CABS, accountName=12345678, branchName=HARARE, branchCode=12345, accountNumber=123456789, accountType=SAVINGS), productDescription=Product Foundation, channelId=null) 
.17:12:14.905 ERROR z.c.r.loans.RestExceptionHandler - Error:  
java.lang.NullPointerException: Cannot invoke "zw.co.reikan.loans.core.commission.CommissionGroup.isPercentage()" because "commissionGroup" is null
	at zw.co.reikan.loans.core.loan.LoanServiceImpl.calculate(LoanServiceImpl.java:265)
	at zw.co.reikan.loans.core.loan.LoanServiceImpl.requestLoan(LoanServiceImpl.java:124)
	at zw.co.reikan.loans.InternalLoanApplicationController.create(InternalLoanApplicationController.java:47)
	at java.base/jdk.internal.reflect.NativeMethodAccessorImpl.invoke0(Native Method)
	at java.base/jdk.internal.reflect.NativeMethodAccessorImpl.invoke(NativeMethodAccessorImpl.java:77)
	at java.base/jdk.internal.reflect.DelegatingMethodAccessorImpl.invoke(DelegatingMethodAccessorImpl.java:43)
	at java.base/java.lang.reflect.Method.invoke(Method.java:568)
	at org.springframework.web.method.support.InvocableHandlerMethod.doInvoke(InvocableHandlerMethod.java:261)
	at org.springframework.web.method.support.InvocableHandlerMethod.invokeForRequest(InvocableHandlerMethod.java:189)
	at org.springframework.web.servlet.mvc.method.annotation.ServletInvocableHandlerMethod.invokeAndHandle(ServletInvocableHandlerMethod.java:118)
	at org.springframework.web.servlet.mvc.method.annotation.RequestMappingHandlerAdapter.invokeHandlerMethod(RequestMappingHandlerAdapter.java:917)
	at org.springframework.web.servlet.mvc.method.annotation.RequestMappingHandlerAdapter.handleInternal(RequestMappingHandlerAdapter.java:829)
	at org.springframework.web.servlet.mvc.method.AbstractHandlerMethodAdapter.handle(AbstractHandlerMethodAdapter.java:87)
	at org.springframework.web.servlet.DispatcherServlet.doDispatch(DispatcherServlet.java:1089)
	at org.springframework.web.servlet.DispatcherServlet.doService(DispatcherServlet.java:979)
	at org.springframework.web.servlet.FrameworkServlet.processRequest(FrameworkServlet.java:1014)
	at org.springframework.web.servlet.FrameworkServlet.doPost(FrameworkServlet.java:914)
	at jakarta.servlet.http.HttpServlet.service(HttpServlet.java:590)
	at org.springframework.web.servlet.FrameworkServlet.service(FrameworkServlet.java:885)
	at jakarta.servlet.http.HttpServlet.service(HttpServlet.java:658)
	at org.apache.catalina.core.ApplicationFilterChain.internalDoFilter(ApplicationFilterChain.java:205)
	at org.apache.catalina.core.ApplicationFilterChain.doFilter(ApplicationFilterChain.java:149)
	at org.apache.tomcat.websocket.server.WsFilter.doFilter(WsFilter.java:51)
	at org.apache.catalina.core.ApplicationFilterChain.internalDoFilter(ApplicationFilterChain.java:174)
	at org.apache.catalina.core.ApplicationFilterChain.doFilter(ApplicationFilterChain.java:149)
	at org.springframework.web.filter.OncePerRequestFilter.doFilter(OncePerRequestFilter.java:110)
	at org.apache.catalina.core.ApplicationFilterChain.internalDoFilter(ApplicationFilterChain.java:174)
	at org.apache.catalina.core.ApplicationFilterChain.doFilter(ApplicationFilterChain.java:149)
	at zw.co.reikan.loans.SimpleCORSFilter.doFilter(SimpleCORSFilter.java:27)
	at org.apache.catalina.core.ApplicationFilterChain.internalDoFilter(ApplicationFilterChain.java:174)
	at org.apache.catalina.core.ApplicationFilterChain.doFilter(ApplicationFilterChain.java:149)
	at org.springframework.web.filter.CompositeFilter$VirtualFilterChain.doFilter(CompositeFilter.java:108)
	at org.springframework.security.web.FilterChainProxy.lambda$doFilterInternal$3(FilterChainProxy.java:231)
	at org.springframework.security.web.FilterChainProxy$VirtualFilterChain.doFilter(FilterChainProxy.java:365)
	at org.springframework.security.web.access.intercept.AuthorizationFilter.doFilter(AuthorizationFilter.java:100)
	at org.springframework.security.web.FilterChainProxy$VirtualFilterChain.doFilter(FilterChainProxy.java:374)
	at org.springframework.security.web.access.ExceptionTranslationFilter.doFilter(ExceptionTranslationFilter.java:126)
	at org.springframework.security.web.access.ExceptionTranslationFilter.doFilter(ExceptionTranslationFilter.java:120)
	at org.springframework.security.web.FilterChainProxy$VirtualFilterChain.doFilter(FilterChainProxy.java:374)
	at org.springframework.security.web.session.SessionManagementFilter.doFilter(SessionManagementFilter.java:131)
	at org.springframework.security.web.session.SessionManagementFilter.doFilter(SessionManagementFilter.java:85)
	at org.springframework.security.web.FilterChainProxy$VirtualFilterChain.doFilter(FilterChainProxy.java:374)
	at org.springframework.security.web.authentication.AnonymousAuthenticationFilter.doFilter(AnonymousAuthenticationFilter.java:100)
	at org.springframework.security.web.FilterChainProxy$VirtualFilterChain.doFilter(FilterChainProxy.java:374)
	at org.springframework.security.web.servletapi.SecurityContextHolderAwareRequestFilter.doFilter(SecurityContextHolderAwareRequestFilter.java:179)
	at org.springframework.security.web.FilterChainProxy$VirtualFilterChain.doFilter(FilterChainProxy.java:374)
	at org.springframework.security.web.savedrequest.RequestCacheAwareFilter.doFilter(RequestCacheAwareFilter.java:63)
	at org.springframework.security.web.FilterChainProxy$VirtualFilterChain.doFilter(FilterChainProxy.java:374)
	at org.springframework.security.oauth2.server.resource.web.authentication.BearerTokenAuthenticationFilter.doFilterInternal(BearerTokenAuthenticationFilter.java:145)
	at org.springframework.web.filter.OncePerRequestFilter.doFilter(OncePerRequestFilter.java:116)
	at org.springframework.security.web.FilterChainProxy$VirtualFilterChain.doFilter(FilterChainProxy.java:374)
	at org.springframework.security.web.authentication.ui.DefaultLogoutPageGeneratingFilter.doFilterInternal(DefaultLogoutPageGeneratingFilter.java:58)
	at org.springframework.web.filter.OncePerRequestFilter.doFilter(OncePerRequestFilter.java:116)
	at org.springframework.security.web.FilterChainProxy$VirtualFilterChain.doFilter(FilterChainProxy.java:374)
	at org.springframework.security.web.authentication.ui.DefaultLoginPageGeneratingFilter.doFilter(DefaultLoginPageGeneratingFilter.java:189)
	at org.springframework.security.web.authentication.ui.DefaultLoginPageGeneratingFilter.doFilter(DefaultLoginPageGeneratingFilter.java:175)
	at org.springframework.security.web.FilterChainProxy$VirtualFilterChain.doFilter(FilterChainProxy.java:374)
	at org.springframework.security.web.authentication.AbstractAuthenticationProcessingFilter.doFilter(AbstractAuthenticationProcessingFilter.java:227)
	at org.springframework.security.web.authentication.AbstractAuthenticationProcessingFilter.doFilter(AbstractAuthenticationProcessingFilter.java:221)
	at org.springframework.security.web.FilterChainProxy$VirtualFilterChain.doFilter(FilterChainProxy.java:374)
	at org.springframework.security.oauth2.client.web.OAuth2AuthorizationRequestRedirectFilter.doFilterInternal(OAuth2AuthorizationRequestRedirectFilter.java:181)
	at org.springframework.web.filter.OncePerRequestFilter.doFilter(OncePerRequestFilter.java:116)
	at org.springframework.security.web.FilterChainProxy$VirtualFilterChain.doFilter(FilterChainProxy.java:374)
	at org.springframework.security.web.authentication.logout.LogoutFilter.doFilter(LogoutFilter.java:107)
	at org.springframework.security.web.authentication.logout.LogoutFilter.doFilter(LogoutFilter.java:93)
	at org.springframework.security.web.FilterChainProxy$VirtualFilterChain.doFilter(FilterChainProxy.java:374)
	at org.springframework.web.filter.CorsFilter.doFilterInternal(CorsFilter.java:91)
	at org.springframework.web.filter.OncePerRequestFilter.doFilter(OncePerRequestFilter.java:116)
	at org.springframework.security.web.FilterChainProxy$VirtualFilterChain.doFilter(FilterChainProxy.java:374)
	at org.springframework.security.web.header.HeaderWriterFilter.doHeadersAfter(HeaderWriterFilter.java:90)
	at org.springframework.security.web.header.HeaderWriterFilter.doFilterInternal(HeaderWriterFilter.java:75)
	at org.springframework.web.filter.OncePerRequestFilter.doFilter(OncePerRequestFilter.java:116)
	at org.springframework.security.web.FilterChainProxy$VirtualFilterChain.doFilter(FilterChainProxy.java:374)
	at org.springframework.security.web.context.SecurityContextHolderFilter.doFilter(SecurityContextHolderFilter.java:82)
	at org.springframework.security.web.context.SecurityContextHolderFilter.doFilter(SecurityContextHolderFilter.java:69)
	at org.springframework.security.web.FilterChainProxy$VirtualFilterChain.doFilter(FilterChainProxy.java:374)
	at org.springframework.security.web.context.request.async.WebAsyncManagerIntegrationFilter.doFilterInternal(WebAsyncManagerIntegrationFilter.java:62)
	at org.springframework.web.filter.OncePerRequestFilter.doFilter(OncePerRequestFilter.java:116)
	at org.springframework.security.web.FilterChainProxy$VirtualFilterChain.doFilter(FilterChainProxy.java:374)
	at org.springframework.security.web.session.DisableEncodeUrlFilter.doFilterInternal(DisableEncodeUrlFilter.java:42)
	at org.springframework.web.filter.OncePerRequestFilter.doFilter(OncePerRequestFilter.java:116)
	at org.springframework.security.web.FilterChainProxy$VirtualFilterChain.doFilter(FilterChainProxy.java:374)
	at org.springframework.security.web.FilterChainProxy.doFilterInternal(FilterChainProxy.java:233)
	at org.springframework.security.web.FilterChainProxy.doFilter(FilterChainProxy.java:191)
	at org.springframework.web.filter.CompositeFilter$VirtualFilterChain.doFilter(CompositeFilter.java:113)
	at org.springframework.web.servlet.handler.HandlerMappingIntrospector.lambda$createCacheFilter$3(HandlerMappingIntrospector.java:195)
	at org.springframework.web.filter.CompositeFilter$VirtualFilterChain.doFilter(CompositeFilter.java:113)
	at org.springframework.web.filter.CompositeFilter.doFilter(CompositeFilter.java:74)
	at org.springframework.security.config.annotation.web.configuration.WebMvcSecurityConfiguration$CompositeFilterChainProxy.doFilter(WebMvcSecurityConfiguration.java:225)
	at org.springframework.web.filter.DelegatingFilterProxy.invokeDelegate(DelegatingFilterProxy.java:352)
	at org.springframework.web.filter.DelegatingFilterProxy.doFilter(DelegatingFilterProxy.java:268)
	at org.apache.catalina.core.ApplicationFilterChain.internalDoFilter(ApplicationFilterChain.java:174)
	at org.apache.catalina.core.ApplicationFilterChain.doFilter(ApplicationFilterChain.java:149)
	at org.springframework.web.filter.RequestContextFilter.doFilterInternal(RequestContextFilter.java:100)
	at org.springframework.web.filter.OncePerRequestFilter.doFilter(OncePerRequestFilter.java:116)
	at org.apache.catalina.core.ApplicationFilterChain.internalDoFilter(ApplicationFilterChain.java:174)
	at org.apache.catalina.core.ApplicationFilterChain.doFilter(ApplicationFilterChain.java:149)
	at org.springframework.web.filter.FormContentFilter.doFilterInternal(FormContentFilter.java:93)
	at org.springframework.web.filter.OncePerRequestFilter.doFilter(OncePerRequestFilter.java:116)
	at org.apache.catalina.core.ApplicationFilterChain.internalDoFilter(ApplicationFilterChain.java:174)
	at org.apache.catalina.core.ApplicationFilterChain.doFilter(ApplicationFilterChain.java:149)
	at org.springframework.web.filter.CharacterEncodingFilter.doFilterInternal(CharacterEncodingFilter.java:201)
	at org.springframework.web.filter.OncePerRequestFilter.doFilter(OncePerRequestFilter.java:116)
	at org.apache.catalina.core.ApplicationFilterChain.internalDoFilter(ApplicationFilterChain.java:174)
	at org.apache.catalina.core.ApplicationFilterChain.doFilter(ApplicationFilterChain.java:149)
	at org.apache.catalina.core.StandardWrapperValve.invoke(StandardWrapperValve.java:167)
	at org.apache.catalina.core.StandardContextValve.invoke(StandardContextValve.java:90)
	at org.apache.catalina.authenticator.AuthenticatorBase.invoke(AuthenticatorBase.java:482)
	at org.apache.catalina.core.StandardHostValve.invoke(StandardHostValve.java:115)
	at org.apache.catalina.valves.ErrorReportValve.invoke(ErrorReportValve.java:93)
	at org.apache.catalina.core.StandardEngineValve.invoke(StandardEngineValve.java:74)
	at org.apache.catalina.connector.CoyoteAdapter.service(CoyoteAdapter.java:340)
	at org.apache.coyote.http11.Http11Processor.service(Http11Processor.java:391)
	at org.apache.coyote.AbstractProcessorLight.process(AbstractProcessorLight.java:63)
	at org.apache.coyote.AbstractProtocol$ConnectionHandler.process(AbstractProtocol.java:896)
	at org.apache.tomcat.util.net.NioEndpoint$SocketProcessor.doRun(NioEndpoint.java:1744)
	at org.apache.tomcat.util.net.SocketProcessorBase.run(SocketProcessorBase.java:52)
	at org.apache.tomcat.util.threads.ThreadPoolExecutor.runWorker(ThreadPoolExecutor.java:1191)
	at org.apache.tomcat.util.threads.ThreadPoolExecutor$Worker.run(ThreadPoolExecutor.java:659)
	at org.apache.tomcat.util.threads.TaskThread$WrappingRunnable.run(TaskThread.java:61)
	at java.base/java.lang.Thread.run(Thread.java:840)
.17:12:29.038 INFO  o.s.o.j.LocalContainerEntityManagerFactoryBean - Closing JPA EntityManagerFactory for persistence unit 'default' 
.17:12:29.039 INFO  com.zaxxer.hikari.HikariDataSource - HikariPool-1 - Shutdown initiated... 
.17:12:29.041 INFO  com.zaxxer.hikari.HikariDataSource - HikariPool-1 - Shutdown completed. 
.17:12:30.383 INFO  z.c.reikan.loans.LoansApiApplication - Starting LoansApiApplication using Java 17.0.12 with PID 3065 (/Users/thomasnyagwaya/Code/getsol/bulkit-loans/loans-api/target/classes started by thomasnyagwaya in /Users/thomasnyagwaya/Code/getsol/bulkit-loans) 
.17:12:30.385 INFO  z.c.reikan.loans.LoansApiApplication - The following 1 profile is active: "api" 
.17:12:30.751 INFO  o.s.d.r.c.RepositoryConfigurationDelegate - Bootstrapping Spring Data JPA repositories in DEFAULT mode. 
.17:12:30.787 INFO  o.s.d.r.c.RepositoryConfigurationDelegate - Finished Spring Data repository scanning in 33 ms. Found 8 JPA repository interfaces. 
.17:12:31.011 INFO  o.s.b.w.e.tomcat.TomcatWebServer - Tomcat initialized with port 8080 (http) 
.17:12:31.015 INFO  o.a.coyote.http11.Http11NioProtocol - Initializing ProtocolHandler ["http-nio-8080"] 
.17:12:31.016 INFO  o.a.catalina.core.StandardService - Starting service [Tomcat] 
.17:12:31.016 INFO  o.a.catalina.core.StandardEngine - Starting Servlet engine: [Apache Tomcat/10.1.18] 
.17:12:31.036 INFO  o.a.c.c.C.[Tomcat].[localhost].[/] - Initializing Spring embedded WebApplicationContext 
.17:12:31.036 INFO  o.s.b.w.s.c.ServletWebServerApplicationContext - Root WebApplicationContext: initialization completed in 616 ms 
.17:12:31.103 INFO  o.h.jpa.internal.util.LogHelper - HHH000204: Processing PersistenceUnitInfo [name: default] 
.17:12:31.122 INFO  org.hibernate.Version - HHH000412: Hibernate ORM core version 6.4.1.Final 
.17:12:31.134 INFO  o.h.c.i.RegionFactoryInitiator - HHH000026: Second-level cache disabled 
.17:12:31.212 INFO  o.s.o.j.p.SpringPersistenceUnitInfo - No LoadTimeWeaver setup: ignoring JPA class transformer 
.17:12:31.224 INFO  com.zaxxer.hikari.HikariDataSource - HikariPool-1 - Starting... 
.17:12:31.363 INFO  com.zaxxer.hikari.pool.HikariPool - HikariPool-1 - Added connection com.mysql.cj.jdbc.ConnectionImpl@5a8656a2 
.17:12:31.364 INFO  com.zaxxer.hikari.HikariDataSource - HikariPool-1 - Start completed. 
.17:12:31.383 WARN  org.hibernate.orm.deprecation - HHH90000025: MySQL8Dialect does not need to be specified explicitly using 'hibernate.dialect' (remove the property setting and it will be selected by default) 
.17:12:31.383 WARN  org.hibernate.orm.deprecation - HHH90000026: MySQL8Dialect has been deprecated; use org.hibernate.dialect.MySQLDialect instead 
.17:12:31.804 INFO  o.h.e.t.j.p.i.JtaPlatformInitiator - HHH000489: No JTA platform available (set 'hibernate.transaction.jta.platform' to enable JTA platform integration) 
.17:12:31.839 WARN  o.h.t.s.i.ExceptionHandlerLoggedImpl - GenerationTarget encountered exception accepting command : Error executing DDL "alter table `loan_request` modify column `signature` `MEDIUMTEXT`" via JDBC [You have an error in your SQL syntax; check the manual that corresponds to your MySQL server version for the right syntax to use near '`MEDIUMTEXT`' at line 1] 
org.hibernate.tool.schema.spi.CommandAcceptanceException: Error executing DDL "alter table `loan_request` modify column `signature` `MEDIUMTEXT`" via JDBC [You have an error in your SQL syntax; check the manual that corresponds to your MySQL server version for the right syntax to use near '`MEDIUMTEXT`' at line 1]
	at org.hibernate.tool.schema.internal.exec.GenerationTargetToDatabase.accept(GenerationTargetToDatabase.java:94)
	at org.hibernate.tool.schema.internal.AbstractSchemaMigrator.applySqlString(AbstractSchemaMigrator.java:574)
	at org.hibernate.tool.schema.internal.AbstractSchemaMigrator.applySqlStrings(AbstractSchemaMigrator.java:514)
	at org.hibernate.tool.schema.internal.AbstractSchemaMigrator.migrateTable(AbstractSchemaMigrator.java:333)
	at org.hibernate.tool.schema.internal.GroupedSchemaMigratorImpl.performTablesMigration(GroupedSchemaMigratorImpl.java:84)
	at org.hibernate.tool.schema.internal.AbstractSchemaMigrator.performMigration(AbstractSchemaMigrator.java:232)
	at org.hibernate.tool.schema.internal.AbstractSchemaMigrator.doMigration(AbstractSchemaMigrator.java:117)
	at org.hibernate.tool.schema.spi.SchemaManagementToolCoordinator.performDatabaseAction(SchemaManagementToolCoordinator.java:286)
	at org.hibernate.tool.schema.spi.SchemaManagementToolCoordinator.lambda$process$5(SchemaManagementToolCoordinator.java:145)
	at java.base/java.util.HashMap.forEach(HashMap.java:1421)
	at org.hibernate.tool.schema.spi.SchemaManagementToolCoordinator.process(SchemaManagementToolCoordinator.java:142)
	at org.hibernate.boot.internal.SessionFactoryObserverForSchemaExport.sessionFactoryCreated(SessionFactoryObserverForSchemaExport.java:37)
	at org.hibernate.internal.SessionFactoryObserverChain.sessionFactoryCreated(SessionFactoryObserverChain.java:35)
	at org.hibernate.internal.SessionFactoryImpl.<init>(SessionFactoryImpl.java:315)
	at org.hibernate.boot.internal.SessionFactoryBuilderImpl.build(SessionFactoryBuilderImpl.java:450)
	at org.hibernate.jpa.boot.internal.EntityManagerFactoryBuilderImpl.build(EntityManagerFactoryBuilderImpl.java:1507)
	at org.springframework.orm.jpa.vendor.SpringHibernateJpaPersistenceProvider.createContainerEntityManagerFactory(SpringHibernateJpaPersistenceProvider.java:75)
	at org.springframework.orm.jpa.LocalContainerEntityManagerFactoryBean.createNativeEntityManagerFactory(LocalContainerEntityManagerFactoryBean.java:376)
	at org.springframework.orm.jpa.AbstractEntityManagerFactoryBean.buildNativeEntityManagerFactory(AbstractEntityManagerFactoryBean.java:409)
	at org.springframework.orm.jpa.AbstractEntityManagerFactoryBean.afterPropertiesSet(AbstractEntityManagerFactoryBean.java:396)
	at org.springframework.orm.jpa.LocalContainerEntityManagerFactoryBean.afterPropertiesSet(LocalContainerEntityManagerFactoryBean.java:352)
	at org.springframework.beans.factory.support.AbstractAutowireCapableBeanFactory.invokeInitMethods(AbstractAutowireCapableBeanFactory.java:1820)
	at org.springframework.beans.factory.support.AbstractAutowireCapableBeanFactory.initializeBean(AbstractAutowireCapableBeanFactory.java:1769)
	at org.springframework.beans.factory.support.AbstractAutowireCapableBeanFactory.doCreateBean(AbstractAutowireCapableBeanFactory.java:599)
	at org.springframework.beans.factory.support.AbstractAutowireCapableBeanFactory.createBean(AbstractAutowireCapableBeanFactory.java:521)
	at org.springframework.beans.factory.support.AbstractBeanFactory.lambda$doGetBean$0(AbstractBeanFactory.java:325)
	at org.springframework.beans.factory.support.DefaultSingletonBeanRegistry.getSingleton(DefaultSingletonBeanRegistry.java:234)
	at org.springframework.beans.factory.support.AbstractBeanFactory.doGetBean(AbstractBeanFactory.java:323)
	at org.springframework.beans.factory.support.AbstractBeanFactory.getBean(AbstractBeanFactory.java:199)
	at org.springframework.context.support.AbstractApplicationContext.getBean(AbstractApplicationContext.java:1231)
	at org.springframework.context.support.AbstractApplicationContext.finishBeanFactoryInitialization(AbstractApplicationContext.java:949)
	at org.springframework.context.support.AbstractApplicationContext.refresh(AbstractApplicationContext.java:624)
	at org.springframework.boot.web.servlet.context.ServletWebServerApplicationContext.refresh(ServletWebServerApplicationContext.java:146)
	at org.springframework.boot.SpringApplication.refresh(SpringApplication.java:754)
	at org.springframework.boot.SpringApplication.refreshContext(SpringApplication.java:456)
	at org.springframework.boot.SpringApplication.run(SpringApplication.java:334)
	at org.springframework.boot.SpringApplication.run(SpringApplication.java:1354)
	at org.springframework.boot.SpringApplication.run(SpringApplication.java:1343)
	at zw.co.reikan.loans.LoansApiApplication.main(LoansApiApplication.java:44)
Caused by: java.sql.SQLSyntaxErrorException: You have an error in your SQL syntax; check the manual that corresponds to your MySQL server version for the right syntax to use near '`MEDIUMTEXT`' at line 1
	at com.mysql.cj.jdbc.exceptions.SQLError.createSQLException(SQLError.java:121)
	at com.mysql.cj.jdbc.exceptions.SQLExceptionsMapping.translateException(SQLExceptionsMapping.java:122)
	at com.mysql.cj.jdbc.StatementImpl.executeInternal(StatementImpl.java:770)
	at com.mysql.cj.jdbc.StatementImpl.execute(StatementImpl.java:653)
	at com.zaxxer.hikari.pool.ProxyStatement.execute(ProxyStatement.java:94)
	at com.zaxxer.hikari.pool.HikariProxyStatement.execute(HikariProxyStatement.java)
	at org.hibernate.tool.schema.internal.exec.GenerationTargetToDatabase.accept(GenerationTargetToDatabase.java:80)
	... 38 common frames omitted
.17:12:31.840 WARN  o.h.t.s.i.ExceptionHandlerLoggedImpl - GenerationTarget encountered exception accepting command : Error executing DDL "alter table `loan_request` modify column `witness_signature` `MEDIUMTEXT`" via JDBC [You have an error in your SQL syntax; check the manual that corresponds to your MySQL server version for the right syntax to use near '`MEDIUMTEXT`' at line 1] 
org.hibernate.tool.schema.spi.CommandAcceptanceException: Error executing DDL "alter table `loan_request` modify column `witness_signature` `MEDIUMTEXT`" via JDBC [You have an error in your SQL syntax; check the manual that corresponds to your MySQL server version for the right syntax to use near '`MEDIUMTEXT`' at line 1]
	at org.hibernate.tool.schema.internal.exec.GenerationTargetToDatabase.accept(GenerationTargetToDatabase.java:94)
	at org.hibernate.tool.schema.internal.AbstractSchemaMigrator.applySqlString(AbstractSchemaMigrator.java:574)
	at org.hibernate.tool.schema.internal.AbstractSchemaMigrator.applySqlStrings(AbstractSchemaMigrator.java:514)
	at org.hibernate.tool.schema.internal.AbstractSchemaMigrator.migrateTable(AbstractSchemaMigrator.java:333)
	at org.hibernate.tool.schema.internal.GroupedSchemaMigratorImpl.performTablesMigration(GroupedSchemaMigratorImpl.java:84)
	at org.hibernate.tool.schema.internal.AbstractSchemaMigrator.performMigration(AbstractSchemaMigrator.java:232)
	at org.hibernate.tool.schema.internal.AbstractSchemaMigrator.doMigration(AbstractSchemaMigrator.java:117)
	at org.hibernate.tool.schema.spi.SchemaManagementToolCoordinator.performDatabaseAction(SchemaManagementToolCoordinator.java:286)
	at org.hibernate.tool.schema.spi.SchemaManagementToolCoordinator.lambda$process$5(SchemaManagementToolCoordinator.java:145)
	at java.base/java.util.HashMap.forEach(HashMap.java:1421)
	at org.hibernate.tool.schema.spi.SchemaManagementToolCoordinator.process(SchemaManagementToolCoordinator.java:142)
	at org.hibernate.boot.internal.SessionFactoryObserverForSchemaExport.sessionFactoryCreated(SessionFactoryObserverForSchemaExport.java:37)
	at org.hibernate.internal.SessionFactoryObserverChain.sessionFactoryCreated(SessionFactoryObserverChain.java:35)
	at org.hibernate.internal.SessionFactoryImpl.<init>(SessionFactoryImpl.java:315)
	at org.hibernate.boot.internal.SessionFactoryBuilderImpl.build(SessionFactoryBuilderImpl.java:450)
	at org.hibernate.jpa.boot.internal.EntityManagerFactoryBuilderImpl.build(EntityManagerFactoryBuilderImpl.java:1507)
	at org.springframework.orm.jpa.vendor.SpringHibernateJpaPersistenceProvider.createContainerEntityManagerFactory(SpringHibernateJpaPersistenceProvider.java:75)
	at org.springframework.orm.jpa.LocalContainerEntityManagerFactoryBean.createNativeEntityManagerFactory(LocalContainerEntityManagerFactoryBean.java:376)
	at org.springframework.orm.jpa.AbstractEntityManagerFactoryBean.buildNativeEntityManagerFactory(AbstractEntityManagerFactoryBean.java:409)
	at org.springframework.orm.jpa.AbstractEntityManagerFactoryBean.afterPropertiesSet(AbstractEntityManagerFactoryBean.java:396)
	at org.springframework.orm.jpa.LocalContainerEntityManagerFactoryBean.afterPropertiesSet(LocalContainerEntityManagerFactoryBean.java:352)
	at org.springframework.beans.factory.support.AbstractAutowireCapableBeanFactory.invokeInitMethods(AbstractAutowireCapableBeanFactory.java:1820)
	at org.springframework.beans.factory.support.AbstractAutowireCapableBeanFactory.initializeBean(AbstractAutowireCapableBeanFactory.java:1769)
	at org.springframework.beans.factory.support.AbstractAutowireCapableBeanFactory.doCreateBean(AbstractAutowireCapableBeanFactory.java:599)
	at org.springframework.beans.factory.support.AbstractAutowireCapableBeanFactory.createBean(AbstractAutowireCapableBeanFactory.java:521)
	at org.springframework.beans.factory.support.AbstractBeanFactory.lambda$doGetBean$0(AbstractBeanFactory.java:325)
	at org.springframework.beans.factory.support.DefaultSingletonBeanRegistry.getSingleton(DefaultSingletonBeanRegistry.java:234)
	at org.springframework.beans.factory.support.AbstractBeanFactory.doGetBean(AbstractBeanFactory.java:323)
	at org.springframework.beans.factory.support.AbstractBeanFactory.getBean(AbstractBeanFactory.java:199)
	at org.springframework.context.support.AbstractApplicationContext.getBean(AbstractApplicationContext.java:1231)
	at org.springframework.context.support.AbstractApplicationContext.finishBeanFactoryInitialization(AbstractApplicationContext.java:949)
	at org.springframework.context.support.AbstractApplicationContext.refresh(AbstractApplicationContext.java:624)
	at org.springframework.boot.web.servlet.context.ServletWebServerApplicationContext.refresh(ServletWebServerApplicationContext.java:146)
	at org.springframework.boot.SpringApplication.refresh(SpringApplication.java:754)
	at org.springframework.boot.SpringApplication.refreshContext(SpringApplication.java:456)
	at org.springframework.boot.SpringApplication.run(SpringApplication.java:334)
	at org.springframework.boot.SpringApplication.run(SpringApplication.java:1354)
	at org.springframework.boot.SpringApplication.run(SpringApplication.java:1343)
	at zw.co.reikan.loans.LoansApiApplication.main(LoansApiApplication.java:44)
Caused by: java.sql.SQLSyntaxErrorException: You have an error in your SQL syntax; check the manual that corresponds to your MySQL server version for the right syntax to use near '`MEDIUMTEXT`' at line 1
	at com.mysql.cj.jdbc.exceptions.SQLError.createSQLException(SQLError.java:121)
	at com.mysql.cj.jdbc.exceptions.SQLExceptionsMapping.translateException(SQLExceptionsMapping.java:122)
	at com.mysql.cj.jdbc.StatementImpl.executeInternal(StatementImpl.java:770)
	at com.mysql.cj.jdbc.StatementImpl.execute(StatementImpl.java:653)
	at com.zaxxer.hikari.pool.ProxyStatement.execute(ProxyStatement.java:94)
	at com.zaxxer.hikari.pool.HikariProxyStatement.execute(HikariProxyStatement.java)
	at org.hibernate.tool.schema.internal.exec.GenerationTargetToDatabase.accept(GenerationTargetToDatabase.java:80)
	... 38 common frames omitted
.17:12:31.908 INFO  o.s.o.j.LocalContainerEntityManagerFactoryBean - Initialized JPA EntityManagerFactory for persistence unit 'default' 
.17:12:31.918 INFO  z.c.r.l.core.config.SecurityConfig - Creating keyclok: username: admin, password: admin@Keyc1oaK 
.17:12:32.180 INFO  o.s.d.j.r.query.QueryEnhancerFactory - Hibernate is in classpath; If applicable, HQL parser will be used. 
.17:12:32.799 INFO  o.s.s.web.DefaultSecurityFilterChain - Will secure Or [Mvc [pattern='/auth/**'], Mvc [pattern='/v3/api-docs/**'], Mvc [pattern='/swagger-ui/**'], Mvc [pattern='/swagger-ui.html'], Mvc [pattern='/spec.html'], Mvc [pattern='/swagger-resources/**'], Mvc [pattern='/configuration/security']] with [org.springframework.security.web.session.DisableEncodeUrlFilter@5aadad55, org.springframework.security.web.context.request.async.WebAsyncManagerIntegrationFilter@34278424, org.springframework.security.web.context.SecurityContextHolderFilter@14fda568, org.springframework.security.web.header.HeaderWriterFilter@7aa5de8c, org.springframework.web.filter.CorsFilter@17134190, org.springframework.security.web.csrf.CsrfFilter@b9271b6, org.springframework.security.web.authentication.logout.LogoutFilter@12046998, org.springframework.security.web.savedrequest.RequestCacheAwareFilter@30075210, org.springframework.security.web.servletapi.SecurityContextHolderAwareRequestFilter@3cf828db, org.springframework.security.web.authentication.AnonymousAuthenticationFilter@75e39b41, org.springframework.security.web.access.ExceptionTranslationFilter@511d31a6, org.springframework.security.web.access.intercept.AuthorizationFilter@7226747d] 
.17:12:32.823 INFO  o.s.s.web.DefaultSecurityFilterChain - Will secure Or [Mvc [pattern='/api/**']] with [org.springframework.security.web.session.DisableEncodeUrlFilter@23885f6a, org.springframework.security.web.context.request.async.WebAsyncManagerIntegrationFilter@5556813d, org.springframework.security.web.context.SecurityContextHolderFilter@6f944b94, org.springframework.security.web.header.HeaderWriterFilter@40f9f97e, org.springframework.web.filter.CorsFilter@17134190, org.springframework.security.web.authentication.logout.LogoutFilter@52a2c66, org.springframework.security.oauth2.client.web.OAuth2AuthorizationRequestRedirectFilter@75d64dc4, org.springframework.security.oauth2.client.web.OAuth2LoginAuthenticationFilter@2e0d0819, org.springframework.security.web.authentication.ui.DefaultLoginPageGeneratingFilter@63c5a25d, org.springframework.security.web.authentication.ui.DefaultLogoutPageGeneratingFilter@450897d, org.springframework.security.oauth2.server.resource.web.authentication.BearerTokenAuthenticationFilter@93bc1be, org.springframework.security.web.savedrequest.RequestCacheAwareFilter@60296d11, org.springframework.security.web.servletapi.SecurityContextHolderAwareRequestFilter@1fc48b16, org.springframework.security.web.authentication.AnonymousAuthenticationFilter@425b142e, org.springframework.security.web.session.SessionManagementFilter@6fc277e4, org.springframework.security.web.access.ExceptionTranslationFilter@6c2d9f6f, org.springframework.security.web.access.intercept.AuthorizationFilter@70141128] 
.17:12:32.947 INFO  o.a.coyote.http11.Http11NioProtocol - Starting ProtocolHandler ["http-nio-8080"] 
.17:12:32.953 INFO  o.s.b.w.e.tomcat.TomcatWebServer - Tomcat started on port 8080 (http) with context path '' 
.17:12:32.959 INFO  z.c.reikan.loans.LoansApiApplication - Started LoansApiApplication in 2.755 seconds (process running for 3.26) 
.17:12:32.960 INFO  zw.co.reikan.loans.core.StartupTask - Attempting to create CommissionGroup: CommissionGroup(name=80-20-Favoring-BulkIT, agentCommission=20.0, providerCommission=80.0, percentage=true, enabled=false) 
.17:12:33.007 WARN  zw.co.reikan.loans.core.StartupTask - CommissionGroup already exists: 80-20-Favoring-BulkIT 
.17:12:33.007 INFO  zw.co.reikan.loans.core.StartupTask - Attempting to create CommissionGroup: CommissionGroup(name=100-Favoring-BulkIT, agentCommission=0.0, providerCommission=100.0, percentage=true, enabled=false) 
.17:12:33.009 WARN  zw.co.reikan.loans.core.StartupTask - CommissionGroup already exists: 100-Favoring-BulkIT 
.17:12:33.009 INFO  zw.co.reikan.loans.core.StartupTask - Attempting to create Innbucks default merchant service 
.17:12:33.018 WARN  zw.co.reikan.loans.core.StartupTask - Merchant with merchant code innbucks-2562-4f1f-b961-c546ea7c0481 already exists 
zw.co.reikan.loans.core.exception.ValidationException: Merchant with merchant code innbucks-2562-4f1f-b961-c546ea7c0481 already exists
	at zw.co.reikan.loans.core.merchant.MerchantService.validateRequest(MerchantService.java:63)
	at zw.co.reikan.loans.core.merchant.MerchantService.createMerchant(MerchantService.java:35)
	at java.base/jdk.internal.reflect.NativeMethodAccessorImpl.invoke0(Native Method)
	at java.base/jdk.internal.reflect.NativeMethodAccessorImpl.invoke(NativeMethodAccessorImpl.java:77)
	at java.base/jdk.internal.reflect.DelegatingMethodAccessorImpl.invoke(DelegatingMethodAccessorImpl.java:43)
	at java.base/java.lang.reflect.Method.invoke(Method.java:568)
	at org.springframework.aop.support.AopUtils.invokeJoinpointUsingReflection(AopUtils.java:351)
	at org.springframework.aop.framework.ReflectiveMethodInvocation.invokeJoinpoint(ReflectiveMethodInvocation.java:196)
	at org.springframework.aop.framework.ReflectiveMethodInvocation.proceed(ReflectiveMethodInvocation.java:163)
	at org.springframework.aop.framework.CglibAopProxy$CglibMethodInvocation.proceed(CglibAopProxy.java:765)
	at org.springframework.transaction.interceptor.TransactionInterceptor$1.proceedWithInvocation(TransactionInterceptor.java:123)
	at org.springframework.transaction.interceptor.TransactionAspectSupport.invokeWithinTransaction(TransactionAspectSupport.java:385)
	at org.springframework.transaction.interceptor.TransactionInterceptor.invoke(TransactionInterceptor.java:119)
	at org.springframework.aop.framework.ReflectiveMethodInvocation.proceed(ReflectiveMethodInvocation.java:184)
	at org.springframework.aop.framework.CglibAopProxy$CglibMethodInvocation.proceed(CglibAopProxy.java:765)
	at org.springframework.aop.framework.CglibAopProxy$DynamicAdvisedInterceptor.intercept(CglibAopProxy.java:717)
	at zw.co.reikan.loans.core.merchant.MerchantService$$SpringCGLIB$$0.createMerchant(<generated>)
	at zw.co.reikan.loans.core.StartupTask.createDefaultMerchant(StartupTask.java:114)
	at zw.co.reikan.loans.core.StartupTask.run(StartupTask.java:40)
	at org.springframework.boot.SpringApplication.lambda$callRunner$5(SpringApplication.java:790)
	at org.springframework.util.function.ThrowingConsumer$1.acceptWithException(ThrowingConsumer.java:83)
	at org.springframework.util.function.ThrowingConsumer.accept(ThrowingConsumer.java:60)
	at org.springframework.util.function.ThrowingConsumer$1.accept(ThrowingConsumer.java:88)
	at org.springframework.boot.SpringApplication.callRunner(SpringApplication.java:798)
	at org.springframework.boot.SpringApplication.callRunner(SpringApplication.java:789)
	at org.springframework.boot.SpringApplication.lambda$callRunners$3(SpringApplication.java:774)
	at java.base/java.util.stream.ForEachOps$ForEachOp$OfRef.accept(ForEachOps.java:183)
	at java.base/java.util.stream.SortedOps$SizedRefSortingSink.end(SortedOps.java:357)
	at java.base/java.util.stream.AbstractPipeline.copyInto(AbstractPipeline.java:510)
	at java.base/java.util.stream.AbstractPipeline.wrapAndCopyInto(AbstractPipeline.java:499)
	at java.base/java.util.stream.ForEachOps$ForEachOp.evaluateSequential(ForEachOps.java:150)
	at java.base/java.util.stream.ForEachOps$ForEachOp$OfRef.evaluateSequential(ForEachOps.java:173)
	at java.base/java.util.stream.AbstractPipeline.evaluate(AbstractPipeline.java:234)
	at java.base/java.util.stream.ReferencePipeline.forEach(ReferencePipeline.java:596)
	at org.springframework.boot.SpringApplication.callRunners(SpringApplication.java:774)
	at org.springframework.boot.SpringApplication.run(SpringApplication.java:341)
	at org.springframework.boot.SpringApplication.run(SpringApplication.java:1354)
	at org.springframework.boot.SpringApplication.run(SpringApplication.java:1343)
	at zw.co.reikan.loans.LoansApiApplication.main(LoansApiApplication.java:44)
.17:12:33.024 INFO  zw.co.reikan.loans.core.StartupTask - Attempting to create channel: Channel(channelId=mobile_app_channel_13a71261-f59c-466a-baca-31f6e2a7832e, name=Mobile App Channel, systemUser=User(username=SYSTEM_USER, externalSystemId=04a7a520-fd78-4932-a9ad-15e7d5432b38, merchant=Merchant(merchantCode=71520ae6-78e7-484d-9b75-b58f73640365, name=Acme Corporation, accountNumber=ACM123456789, disbursementType=MERCHANT_MOBILE_WALLET, commissionGroup=null, commissionStructure=null), temporaryPassword=true, agent=null, commissionGroup=null)) 
.17:12:33.029 WARN  zw.co.reikan.loans.core.StartupTask - Channel already exists: mobile_app_channel_13a71261-f59c-466a-baca-31f6e2a7832e 
.17:12:33.029 INFO  zw.co.reikan.loans.core.StartupTask - Attempting to create channel: Channel(channelId=admin_portal_channel_5b2d532e-5c00-4d8d-80df-86b41b42f40f, name=Admin Portal Channel, systemUser=User(username=SYSTEM_USER, externalSystemId=04a7a520-fd78-4932-a9ad-15e7d5432b38, merchant=Merchant(merchantCode=71520ae6-78e7-484d-9b75-b58f73640365, name=Acme Corporation, accountNumber=ACM123456789, disbursementType=MERCHANT_MOBILE_WALLET, commissionGroup=null, commissionStructure=null), temporaryPassword=true, agent=null, commissionGroup=null)) 
.17:12:33.031 WARN  zw.co.reikan.loans.core.StartupTask - Channel already exists: admin_portal_channel_5b2d532e-5c00-4d8d-80df-86b41b42f40f 
.17:12:33.031 INFO  zw.co.reikan.loans.core.StartupTask - Attempting to create channel: Channel(channelId=web_app_channel_189ae29c-b09a-4ef3-80d4-f3164978d054, name=Web App Channel, systemUser=User(username=SYSTEM_USER, externalSystemId=04a7a520-fd78-4932-a9ad-15e7d5432b38, merchant=Merchant(merchantCode=71520ae6-78e7-484d-9b75-b58f73640365, name=Acme Corporation, accountNumber=ACM123456789, disbursementType=MERCHANT_MOBILE_WALLET, commissionGroup=null, commissionStructure=null), temporaryPassword=true, agent=null, commissionGroup=null)) 
.17:12:33.034 WARN  zw.co.reikan.loans.core.StartupTask - Channel already exists: web_app_channel_189ae29c-b09a-4ef3-80d4-f3164978d054 
.17:12:41.730 INFO  o.a.c.c.C.[Tomcat].[localhost].[/] - Initializing Spring DispatcherServlet 'dispatcherServlet' 
.17:12:41.730 INFO  o.s.web.servlet.DispatcherServlet - Initializing Servlet 'dispatcherServlet' 
.17:12:41.731 INFO  o.s.web.servlet.DispatcherServlet - Completed initialization in 1 ms 
.17:12:42.055 INFO  z.c.r.l.InternalLoanApplicationController - Create loan request: LoanRequest(signatureData=string, amount=100, ecnumber=1234569T, mobileNumber=0772819815, tenor=4, nationalId=string, type=NET_OF_FEES, fname=Thomas 2, lname=1731250520380, dateOfBirth=1983-08-24, numberOfDependencies=0, numberOfChildren=0, maritalStatus=SINGLE, alternateContactNumber=0772819815, placeOfBirth=MUTARE, title=MR, email=tnyaguire@gmail.com, educationLevel=PRIMARY, address=520 Patrick Close,Helensvale,Harare,Zimbabwe, employmentDetail=EmploymentDetail(employerName=Getsol, employerContactNumber=07728919815, employeeNumber=123456, grossSalary=2000, netSalary=1500, employmentStartDate=2019-08-24, employmentEndDate=2019-08-24, address=520 Patrick Close,Helensvale,Harare,Zimbabwe), nextOfKin=NextOfKin(firstName=Randal, lastName=Nyagwaya, nationalId=123456789, address=520 Patrick Close,Helensvale,Harare,Zimbabwe, mobileNumber=0772819815, relationship=SIBLING, gender=MALE), nextOfKinIdNumber=123456789U8, nextOfKinName=Randal, nextOfKinPhone=0772819815, nextOfKinRelationShip=SIBLING, nextOfKinAddress=520 Patrick Close, witness=Witness(fullName=Thomas Nyagwaya, placeOfSignature=Mutare, dateSigned=2019-08-24, signature=string), purposeOfLoan=PURCHASE_OF_ASSETS, grossSalary=2000, netSalary=1500, profession=Developer, merchant=null, gender=MALE, bankingDetail=BankingDetail(bankName=CABS, accountName=12345678, branchName=HARARE, branchCode=12345, accountNumber=123456789, accountType=SAVINGS), productDescription=Product Foundation, channelId=null) 
.17:12:42.064 INFO  z.c.r.l.core.loan.LoanServiceImpl - Requesting loan approval: LoanRequest(signatureData=string, amount=100, ecnumber=1234569T, mobileNumber=0772819815, tenor=4, nationalId=string, type=NET_OF_FEES, fname=Thomas 2, lname=1731250520380, dateOfBirth=1983-08-24, numberOfDependencies=0, numberOfChildren=0, maritalStatus=SINGLE, alternateContactNumber=0772819815, placeOfBirth=MUTARE, title=MR, email=tnyaguire@gmail.com, educationLevel=PRIMARY, address=520 Patrick Close,Helensvale,Harare,Zimbabwe, employmentDetail=EmploymentDetail(employerName=Getsol, employerContactNumber=07728919815, employeeNumber=123456, grossSalary=2000, netSalary=1500, employmentStartDate=2019-08-24, employmentEndDate=2019-08-24, address=520 Patrick Close,Helensvale,Harare,Zimbabwe), nextOfKin=NextOfKin(firstName=Randal, lastName=Nyagwaya, nationalId=123456789, address=520 Patrick Close,Helensvale,Harare,Zimbabwe, mobileNumber=0772819815, relationship=SIBLING, gender=MALE), nextOfKinIdNumber=123456789U8, nextOfKinName=Randal, nextOfKinPhone=0772819815, nextOfKinRelationShip=SIBLING, nextOfKinAddress=520 Patrick Close, witness=Witness(fullName=Thomas Nyagwaya, placeOfSignature=Mutare, dateSigned=2019-08-24, signature=string), purposeOfLoan=PURCHASE_OF_ASSETS, grossSalary=2000, netSalary=1500, profession=Developer, merchant=null, gender=MALE, bankingDetail=BankingDetail(bankName=CABS, accountName=12345678, branchName=HARARE, branchCode=12345, accountNumber=123456789, accountType=SAVINGS), productDescription=Product Foundation, channelId=null) 
.17:12:56.098 ERROR z.c.r.loans.RestExceptionHandler - Error:  
java.lang.NullPointerException: Cannot invoke "zw.co.reikan.loans.core.commission.CommissionGroup.isPercentage()" because "commissionGroup" is null
	at zw.co.reikan.loans.core.loan.LoanServiceImpl.calculate(LoanServiceImpl.java:265)
	at zw.co.reikan.loans.core.loan.LoanServiceImpl.requestLoan(LoanServiceImpl.java:124)
	at zw.co.reikan.loans.InternalLoanApplicationController.create(InternalLoanApplicationController.java:47)
	at java.base/jdk.internal.reflect.NativeMethodAccessorImpl.invoke0(Native Method)
	at java.base/jdk.internal.reflect.NativeMethodAccessorImpl.invoke(NativeMethodAccessorImpl.java:77)
	at java.base/jdk.internal.reflect.DelegatingMethodAccessorImpl.invoke(DelegatingMethodAccessorImpl.java:43)
	at java.base/java.lang.reflect.Method.invoke(Method.java:568)
	at org.springframework.web.method.support.InvocableHandlerMethod.doInvoke(InvocableHandlerMethod.java:261)
	at org.springframework.web.method.support.InvocableHandlerMethod.invokeForRequest(InvocableHandlerMethod.java:189)
	at org.springframework.web.servlet.mvc.method.annotation.ServletInvocableHandlerMethod.invokeAndHandle(ServletInvocableHandlerMethod.java:118)
	at org.springframework.web.servlet.mvc.method.annotation.RequestMappingHandlerAdapter.invokeHandlerMethod(RequestMappingHandlerAdapter.java:917)
	at org.springframework.web.servlet.mvc.method.annotation.RequestMappingHandlerAdapter.handleInternal(RequestMappingHandlerAdapter.java:829)
	at org.springframework.web.servlet.mvc.method.AbstractHandlerMethodAdapter.handle(AbstractHandlerMethodAdapter.java:87)
	at org.springframework.web.servlet.DispatcherServlet.doDispatch(DispatcherServlet.java:1089)
	at org.springframework.web.servlet.DispatcherServlet.doService(DispatcherServlet.java:979)
	at org.springframework.web.servlet.FrameworkServlet.processRequest(FrameworkServlet.java:1014)
	at org.springframework.web.servlet.FrameworkServlet.doPost(FrameworkServlet.java:914)
	at jakarta.servlet.http.HttpServlet.service(HttpServlet.java:590)
	at org.springframework.web.servlet.FrameworkServlet.service(FrameworkServlet.java:885)
	at jakarta.servlet.http.HttpServlet.service(HttpServlet.java:658)
	at org.apache.catalina.core.ApplicationFilterChain.internalDoFilter(ApplicationFilterChain.java:205)
	at org.apache.catalina.core.ApplicationFilterChain.doFilter(ApplicationFilterChain.java:149)
	at org.apache.tomcat.websocket.server.WsFilter.doFilter(WsFilter.java:51)
	at org.apache.catalina.core.ApplicationFilterChain.internalDoFilter(ApplicationFilterChain.java:174)
	at org.apache.catalina.core.ApplicationFilterChain.doFilter(ApplicationFilterChain.java:149)
	at org.springframework.web.filter.OncePerRequestFilter.doFilter(OncePerRequestFilter.java:110)
	at org.apache.catalina.core.ApplicationFilterChain.internalDoFilter(ApplicationFilterChain.java:174)
	at org.apache.catalina.core.ApplicationFilterChain.doFilter(ApplicationFilterChain.java:149)
	at zw.co.reikan.loans.SimpleCORSFilter.doFilter(SimpleCORSFilter.java:27)
	at org.apache.catalina.core.ApplicationFilterChain.internalDoFilter(ApplicationFilterChain.java:174)
	at org.apache.catalina.core.ApplicationFilterChain.doFilter(ApplicationFilterChain.java:149)
	at org.springframework.web.filter.CompositeFilter$VirtualFilterChain.doFilter(CompositeFilter.java:108)
	at org.springframework.security.web.FilterChainProxy.lambda$doFilterInternal$3(FilterChainProxy.java:231)
	at org.springframework.security.web.FilterChainProxy$VirtualFilterChain.doFilter(FilterChainProxy.java:365)
	at org.springframework.security.web.access.intercept.AuthorizationFilter.doFilter(AuthorizationFilter.java:100)
	at org.springframework.security.web.FilterChainProxy$VirtualFilterChain.doFilter(FilterChainProxy.java:374)
	at org.springframework.security.web.access.ExceptionTranslationFilter.doFilter(ExceptionTranslationFilter.java:126)
	at org.springframework.security.web.access.ExceptionTranslationFilter.doFilter(ExceptionTranslationFilter.java:120)
	at org.springframework.security.web.FilterChainProxy$VirtualFilterChain.doFilter(FilterChainProxy.java:374)
	at org.springframework.security.web.session.SessionManagementFilter.doFilter(SessionManagementFilter.java:131)
	at org.springframework.security.web.session.SessionManagementFilter.doFilter(SessionManagementFilter.java:85)
	at org.springframework.security.web.FilterChainProxy$VirtualFilterChain.doFilter(FilterChainProxy.java:374)
	at org.springframework.security.web.authentication.AnonymousAuthenticationFilter.doFilter(AnonymousAuthenticationFilter.java:100)
	at org.springframework.security.web.FilterChainProxy$VirtualFilterChain.doFilter(FilterChainProxy.java:374)
	at org.springframework.security.web.servletapi.SecurityContextHolderAwareRequestFilter.doFilter(SecurityContextHolderAwareRequestFilter.java:179)
	at org.springframework.security.web.FilterChainProxy$VirtualFilterChain.doFilter(FilterChainProxy.java:374)
	at org.springframework.security.web.savedrequest.RequestCacheAwareFilter.doFilter(RequestCacheAwareFilter.java:63)
	at org.springframework.security.web.FilterChainProxy$VirtualFilterChain.doFilter(FilterChainProxy.java:374)
	at org.springframework.security.oauth2.server.resource.web.authentication.BearerTokenAuthenticationFilter.doFilterInternal(BearerTokenAuthenticationFilter.java:145)
	at org.springframework.web.filter.OncePerRequestFilter.doFilter(OncePerRequestFilter.java:116)
	at org.springframework.security.web.FilterChainProxy$VirtualFilterChain.doFilter(FilterChainProxy.java:374)
	at org.springframework.security.web.authentication.ui.DefaultLogoutPageGeneratingFilter.doFilterInternal(DefaultLogoutPageGeneratingFilter.java:58)
	at org.springframework.web.filter.OncePerRequestFilter.doFilter(OncePerRequestFilter.java:116)
	at org.springframework.security.web.FilterChainProxy$VirtualFilterChain.doFilter(FilterChainProxy.java:374)
	at org.springframework.security.web.authentication.ui.DefaultLoginPageGeneratingFilter.doFilter(DefaultLoginPageGeneratingFilter.java:189)
	at org.springframework.security.web.authentication.ui.DefaultLoginPageGeneratingFilter.doFilter(DefaultLoginPageGeneratingFilter.java:175)
	at org.springframework.security.web.FilterChainProxy$VirtualFilterChain.doFilter(FilterChainProxy.java:374)
	at org.springframework.security.web.authentication.AbstractAuthenticationProcessingFilter.doFilter(AbstractAuthenticationProcessingFilter.java:227)
	at org.springframework.security.web.authentication.AbstractAuthenticationProcessingFilter.doFilter(AbstractAuthenticationProcessingFilter.java:221)
	at org.springframework.security.web.FilterChainProxy$VirtualFilterChain.doFilter(FilterChainProxy.java:374)
	at org.springframework.security.oauth2.client.web.OAuth2AuthorizationRequestRedirectFilter.doFilterInternal(OAuth2AuthorizationRequestRedirectFilter.java:181)
	at org.springframework.web.filter.OncePerRequestFilter.doFilter(OncePerRequestFilter.java:116)
	at org.springframework.security.web.FilterChainProxy$VirtualFilterChain.doFilter(FilterChainProxy.java:374)
	at org.springframework.security.web.authentication.logout.LogoutFilter.doFilter(LogoutFilter.java:107)
	at org.springframework.security.web.authentication.logout.LogoutFilter.doFilter(LogoutFilter.java:93)
	at org.springframework.security.web.FilterChainProxy$VirtualFilterChain.doFilter(FilterChainProxy.java:374)
	at org.springframework.web.filter.CorsFilter.doFilterInternal(CorsFilter.java:91)
	at org.springframework.web.filter.OncePerRequestFilter.doFilter(OncePerRequestFilter.java:116)
	at org.springframework.security.web.FilterChainProxy$VirtualFilterChain.doFilter(FilterChainProxy.java:374)
	at org.springframework.security.web.header.HeaderWriterFilter.doHeadersAfter(HeaderWriterFilter.java:90)
	at org.springframework.security.web.header.HeaderWriterFilter.doFilterInternal(HeaderWriterFilter.java:75)
	at org.springframework.web.filter.OncePerRequestFilter.doFilter(OncePerRequestFilter.java:116)
	at org.springframework.security.web.FilterChainProxy$VirtualFilterChain.doFilter(FilterChainProxy.java:374)
	at org.springframework.security.web.context.SecurityContextHolderFilter.doFilter(SecurityContextHolderFilter.java:82)
	at org.springframework.security.web.context.SecurityContextHolderFilter.doFilter(SecurityContextHolderFilter.java:69)
	at org.springframework.security.web.FilterChainProxy$VirtualFilterChain.doFilter(FilterChainProxy.java:374)
	at org.springframework.security.web.context.request.async.WebAsyncManagerIntegrationFilter.doFilterInternal(WebAsyncManagerIntegrationFilter.java:62)
	at org.springframework.web.filter.OncePerRequestFilter.doFilter(OncePerRequestFilter.java:116)
	at org.springframework.security.web.FilterChainProxy$VirtualFilterChain.doFilter(FilterChainProxy.java:374)
	at org.springframework.security.web.session.DisableEncodeUrlFilter.doFilterInternal(DisableEncodeUrlFilter.java:42)
	at org.springframework.web.filter.OncePerRequestFilter.doFilter(OncePerRequestFilter.java:116)
	at org.springframework.security.web.FilterChainProxy$VirtualFilterChain.doFilter(FilterChainProxy.java:374)
	at org.springframework.security.web.FilterChainProxy.doFilterInternal(FilterChainProxy.java:233)
	at org.springframework.security.web.FilterChainProxy.doFilter(FilterChainProxy.java:191)
	at org.springframework.web.filter.CompositeFilter$VirtualFilterChain.doFilter(CompositeFilter.java:113)
	at org.springframework.web.servlet.handler.HandlerMappingIntrospector.lambda$createCacheFilter$3(HandlerMappingIntrospector.java:195)
	at org.springframework.web.filter.CompositeFilter$VirtualFilterChain.doFilter(CompositeFilter.java:113)
	at org.springframework.web.filter.CompositeFilter.doFilter(CompositeFilter.java:74)
	at org.springframework.security.config.annotation.web.configuration.WebMvcSecurityConfiguration$CompositeFilterChainProxy.doFilter(WebMvcSecurityConfiguration.java:225)
	at org.springframework.web.filter.DelegatingFilterProxy.invokeDelegate(DelegatingFilterProxy.java:352)
	at org.springframework.web.filter.DelegatingFilterProxy.doFilter(DelegatingFilterProxy.java:268)
	at org.apache.catalina.core.ApplicationFilterChain.internalDoFilter(ApplicationFilterChain.java:174)
	at org.apache.catalina.core.ApplicationFilterChain.doFilter(ApplicationFilterChain.java:149)
	at org.springframework.web.filter.RequestContextFilter.doFilterInternal(RequestContextFilter.java:100)
	at org.springframework.web.filter.OncePerRequestFilter.doFilter(OncePerRequestFilter.java:116)
	at org.apache.catalina.core.ApplicationFilterChain.internalDoFilter(ApplicationFilterChain.java:174)
	at org.apache.catalina.core.ApplicationFilterChain.doFilter(ApplicationFilterChain.java:149)
	at org.springframework.web.filter.FormContentFilter.doFilterInternal(FormContentFilter.java:93)
	at org.springframework.web.filter.OncePerRequestFilter.doFilter(OncePerRequestFilter.java:116)
	at org.apache.catalina.core.ApplicationFilterChain.internalDoFilter(ApplicationFilterChain.java:174)
	at org.apache.catalina.core.ApplicationFilterChain.doFilter(ApplicationFilterChain.java:149)
	at org.springframework.web.filter.CharacterEncodingFilter.doFilterInternal(CharacterEncodingFilter.java:201)
	at org.springframework.web.filter.OncePerRequestFilter.doFilter(OncePerRequestFilter.java:116)
	at org.apache.catalina.core.ApplicationFilterChain.internalDoFilter(ApplicationFilterChain.java:174)
	at org.apache.catalina.core.ApplicationFilterChain.doFilter(ApplicationFilterChain.java:149)
	at org.apache.catalina.core.StandardWrapperValve.invoke(StandardWrapperValve.java:167)
	at org.apache.catalina.core.StandardContextValve.invoke(StandardContextValve.java:90)
	at org.apache.catalina.authenticator.AuthenticatorBase.invoke(AuthenticatorBase.java:482)
	at org.apache.catalina.core.StandardHostValve.invoke(StandardHostValve.java:115)
	at org.apache.catalina.valves.ErrorReportValve.invoke(ErrorReportValve.java:93)
	at org.apache.catalina.core.StandardEngineValve.invoke(StandardEngineValve.java:74)
	at org.apache.catalina.connector.CoyoteAdapter.service(CoyoteAdapter.java:340)
	at org.apache.coyote.http11.Http11Processor.service(Http11Processor.java:391)
	at org.apache.coyote.AbstractProcessorLight.process(AbstractProcessorLight.java:63)
	at org.apache.coyote.AbstractProtocol$ConnectionHandler.process(AbstractProtocol.java:896)
	at org.apache.tomcat.util.net.NioEndpoint$SocketProcessor.doRun(NioEndpoint.java:1744)
	at org.apache.tomcat.util.net.SocketProcessorBase.run(SocketProcessorBase.java:52)
	at org.apache.tomcat.util.threads.ThreadPoolExecutor.runWorker(ThreadPoolExecutor.java:1191)
	at org.apache.tomcat.util.threads.ThreadPoolExecutor$Worker.run(ThreadPoolExecutor.java:659)
	at org.apache.tomcat.util.threads.TaskThread$WrappingRunnable.run(TaskThread.java:61)
	at java.base/java.lang.Thread.run(Thread.java:840)
.17:12:56.153 INFO  o.s.o.j.LocalContainerEntityManagerFactoryBean - Closing JPA EntityManagerFactory for persistence unit 'default' 
.17:12:56.155 INFO  com.zaxxer.hikari.HikariDataSource - HikariPool-1 - Shutdown initiated... 
.17:12:56.157 INFO  com.zaxxer.hikari.HikariDataSource - HikariPool-1 - Shutdown completed. 
.17:13:12.978 INFO  z.c.reikan.loans.LoansApiApplication - Starting LoansApiApplication using Java 17.0.12 with PID 3075 (/Users/thomasnyagwaya/Code/getsol/bulkit-loans/loans-api/target/classes started by thomasnyagwaya in /Users/thomasnyagwaya/Code/getsol/bulkit-loans) 
.17:13:12.979 INFO  z.c.reikan.loans.LoansApiApplication - The following 1 profile is active: "api" 
.17:13:13.274 INFO  o.s.d.r.c.RepositoryConfigurationDelegate - Bootstrapping Spring Data JPA repositories in DEFAULT mode. 
.17:13:13.307 INFO  o.s.d.r.c.RepositoryConfigurationDelegate - Finished Spring Data repository scanning in 30 ms. Found 8 JPA repository interfaces. 
.17:13:13.493 INFO  o.s.b.w.e.tomcat.TomcatWebServer - Tomcat initialized with port 8080 (http) 
.17:13:13.496 INFO  o.a.coyote.http11.Http11NioProtocol - Initializing ProtocolHandler ["http-nio-8080"] 
.17:13:13.496 INFO  o.a.catalina.core.StandardService - Starting service [Tomcat] 
.17:13:13.496 INFO  o.a.catalina.core.StandardEngine - Starting Servlet engine: [Apache Tomcat/10.1.18] 
.17:13:13.520 INFO  o.a.c.c.C.[Tomcat].[localhost].[/] - Initializing Spring embedded WebApplicationContext 
.17:13:13.520 INFO  o.s.b.w.s.c.ServletWebServerApplicationContext - Root WebApplicationContext: initialization completed in 523 ms 
.17:13:13.589 INFO  o.h.jpa.internal.util.LogHelper - HHH000204: Processing PersistenceUnitInfo [name: default] 
.17:13:13.606 INFO  org.hibernate.Version - HHH000412: Hibernate ORM core version 6.4.1.Final 
.17:13:13.616 INFO  o.h.c.i.RegionFactoryInitiator - HHH000026: Second-level cache disabled 
.17:13:13.684 INFO  o.s.o.j.p.SpringPersistenceUnitInfo - No LoadTimeWeaver setup: ignoring JPA class transformer 
.17:13:13.693 INFO  com.zaxxer.hikari.HikariDataSource - HikariPool-1 - Starting... 
.17:13:13.816 INFO  com.zaxxer.hikari.pool.HikariPool - HikariPool-1 - Added connection com.mysql.cj.jdbc.ConnectionImpl@20171cdc 
.17:13:13.817 INFO  com.zaxxer.hikari.HikariDataSource - HikariPool-1 - Start completed. 
.17:13:13.833 WARN  org.hibernate.orm.deprecation - HHH90000025: MySQL8Dialect does not need to be specified explicitly using 'hibernate.dialect' (remove the property setting and it will be selected by default) 
.17:13:13.833 WARN  org.hibernate.orm.deprecation - HHH90000026: MySQL8Dialect has been deprecated; use org.hibernate.dialect.MySQLDialect instead 
.17:13:14.221 INFO  o.h.e.t.j.p.i.JtaPlatformInitiator - HHH000489: No JTA platform available (set 'hibernate.transaction.jta.platform' to enable JTA platform integration) 
.17:13:14.252 WARN  o.h.t.s.i.ExceptionHandlerLoggedImpl - GenerationTarget encountered exception accepting command : Error executing DDL "alter table `loan_request` modify column `signature` `MEDIUMTEXT`" via JDBC [You have an error in your SQL syntax; check the manual that corresponds to your MySQL server version for the right syntax to use near '`MEDIUMTEXT`' at line 1] 
org.hibernate.tool.schema.spi.CommandAcceptanceException: Error executing DDL "alter table `loan_request` modify column `signature` `MEDIUMTEXT`" via JDBC [You have an error in your SQL syntax; check the manual that corresponds to your MySQL server version for the right syntax to use near '`MEDIUMTEXT`' at line 1]
	at org.hibernate.tool.schema.internal.exec.GenerationTargetToDatabase.accept(GenerationTargetToDatabase.java:94)
	at org.hibernate.tool.schema.internal.AbstractSchemaMigrator.applySqlString(AbstractSchemaMigrator.java:574)
	at org.hibernate.tool.schema.internal.AbstractSchemaMigrator.applySqlStrings(AbstractSchemaMigrator.java:514)
	at org.hibernate.tool.schema.internal.AbstractSchemaMigrator.migrateTable(AbstractSchemaMigrator.java:333)
	at org.hibernate.tool.schema.internal.GroupedSchemaMigratorImpl.performTablesMigration(GroupedSchemaMigratorImpl.java:84)
	at org.hibernate.tool.schema.internal.AbstractSchemaMigrator.performMigration(AbstractSchemaMigrator.java:232)
	at org.hibernate.tool.schema.internal.AbstractSchemaMigrator.doMigration(AbstractSchemaMigrator.java:117)
	at org.hibernate.tool.schema.spi.SchemaManagementToolCoordinator.performDatabaseAction(SchemaManagementToolCoordinator.java:286)
	at org.hibernate.tool.schema.spi.SchemaManagementToolCoordinator.lambda$process$5(SchemaManagementToolCoordinator.java:145)
	at java.base/java.util.HashMap.forEach(HashMap.java:1421)
	at org.hibernate.tool.schema.spi.SchemaManagementToolCoordinator.process(SchemaManagementToolCoordinator.java:142)
	at org.hibernate.boot.internal.SessionFactoryObserverForSchemaExport.sessionFactoryCreated(SessionFactoryObserverForSchemaExport.java:37)
	at org.hibernate.internal.SessionFactoryObserverChain.sessionFactoryCreated(SessionFactoryObserverChain.java:35)
	at org.hibernate.internal.SessionFactoryImpl.<init>(SessionFactoryImpl.java:315)
	at org.hibernate.boot.internal.SessionFactoryBuilderImpl.build(SessionFactoryBuilderImpl.java:450)
	at org.hibernate.jpa.boot.internal.EntityManagerFactoryBuilderImpl.build(EntityManagerFactoryBuilderImpl.java:1507)
	at org.springframework.orm.jpa.vendor.SpringHibernateJpaPersistenceProvider.createContainerEntityManagerFactory(SpringHibernateJpaPersistenceProvider.java:75)
	at org.springframework.orm.jpa.LocalContainerEntityManagerFactoryBean.createNativeEntityManagerFactory(LocalContainerEntityManagerFactoryBean.java:376)
	at org.springframework.orm.jpa.AbstractEntityManagerFactoryBean.buildNativeEntityManagerFactory(AbstractEntityManagerFactoryBean.java:409)
	at org.springframework.orm.jpa.AbstractEntityManagerFactoryBean.afterPropertiesSet(AbstractEntityManagerFactoryBean.java:396)
	at org.springframework.orm.jpa.LocalContainerEntityManagerFactoryBean.afterPropertiesSet(LocalContainerEntityManagerFactoryBean.java:352)
	at org.springframework.beans.factory.support.AbstractAutowireCapableBeanFactory.invokeInitMethods(AbstractAutowireCapableBeanFactory.java:1820)
	at org.springframework.beans.factory.support.AbstractAutowireCapableBeanFactory.initializeBean(AbstractAutowireCapableBeanFactory.java:1769)
	at org.springframework.beans.factory.support.AbstractAutowireCapableBeanFactory.doCreateBean(AbstractAutowireCapableBeanFactory.java:599)
	at org.springframework.beans.factory.support.AbstractAutowireCapableBeanFactory.createBean(AbstractAutowireCapableBeanFactory.java:521)
	at org.springframework.beans.factory.support.AbstractBeanFactory.lambda$doGetBean$0(AbstractBeanFactory.java:325)
	at org.springframework.beans.factory.support.DefaultSingletonBeanRegistry.getSingleton(DefaultSingletonBeanRegistry.java:234)
	at org.springframework.beans.factory.support.AbstractBeanFactory.doGetBean(AbstractBeanFactory.java:323)
	at org.springframework.beans.factory.support.AbstractBeanFactory.getBean(AbstractBeanFactory.java:199)
	at org.springframework.context.support.AbstractApplicationContext.getBean(AbstractApplicationContext.java:1231)
	at org.springframework.context.support.AbstractApplicationContext.finishBeanFactoryInitialization(AbstractApplicationContext.java:949)
	at org.springframework.context.support.AbstractApplicationContext.refresh(AbstractApplicationContext.java:624)
	at org.springframework.boot.web.servlet.context.ServletWebServerApplicationContext.refresh(ServletWebServerApplicationContext.java:146)
	at org.springframework.boot.SpringApplication.refresh(SpringApplication.java:754)
	at org.springframework.boot.SpringApplication.refreshContext(SpringApplication.java:456)
	at org.springframework.boot.SpringApplication.run(SpringApplication.java:334)
	at org.springframework.boot.SpringApplication.run(SpringApplication.java:1354)
	at org.springframework.boot.SpringApplication.run(SpringApplication.java:1343)
	at zw.co.reikan.loans.LoansApiApplication.main(LoansApiApplication.java:44)
Caused by: java.sql.SQLSyntaxErrorException: You have an error in your SQL syntax; check the manual that corresponds to your MySQL server version for the right syntax to use near '`MEDIUMTEXT`' at line 1
	at com.mysql.cj.jdbc.exceptions.SQLError.createSQLException(SQLError.java:121)
	at com.mysql.cj.jdbc.exceptions.SQLExceptionsMapping.translateException(SQLExceptionsMapping.java:122)
	at com.mysql.cj.jdbc.StatementImpl.executeInternal(StatementImpl.java:770)
	at com.mysql.cj.jdbc.StatementImpl.execute(StatementImpl.java:653)
	at com.zaxxer.hikari.pool.ProxyStatement.execute(ProxyStatement.java:94)
	at com.zaxxer.hikari.pool.HikariProxyStatement.execute(HikariProxyStatement.java)
	at org.hibernate.tool.schema.internal.exec.GenerationTargetToDatabase.accept(GenerationTargetToDatabase.java:80)
	... 38 common frames omitted
.17:13:14.253 WARN  o.h.t.s.i.ExceptionHandlerLoggedImpl - GenerationTarget encountered exception accepting command : Error executing DDL "alter table `loan_request` modify column `witness_signature` `MEDIUMTEXT`" via JDBC [You have an error in your SQL syntax; check the manual that corresponds to your MySQL server version for the right syntax to use near '`MEDIUMTEXT`' at line 1] 
org.hibernate.tool.schema.spi.CommandAcceptanceException: Error executing DDL "alter table `loan_request` modify column `witness_signature` `MEDIUMTEXT`" via JDBC [You have an error in your SQL syntax; check the manual that corresponds to your MySQL server version for the right syntax to use near '`MEDIUMTEXT`' at line 1]
	at org.hibernate.tool.schema.internal.exec.GenerationTargetToDatabase.accept(GenerationTargetToDatabase.java:94)
	at org.hibernate.tool.schema.internal.AbstractSchemaMigrator.applySqlString(AbstractSchemaMigrator.java:574)
	at org.hibernate.tool.schema.internal.AbstractSchemaMigrator.applySqlStrings(AbstractSchemaMigrator.java:514)
	at org.hibernate.tool.schema.internal.AbstractSchemaMigrator.migrateTable(AbstractSchemaMigrator.java:333)
	at org.hibernate.tool.schema.internal.GroupedSchemaMigratorImpl.performTablesMigration(GroupedSchemaMigratorImpl.java:84)
	at org.hibernate.tool.schema.internal.AbstractSchemaMigrator.performMigration(AbstractSchemaMigrator.java:232)
	at org.hibernate.tool.schema.internal.AbstractSchemaMigrator.doMigration(AbstractSchemaMigrator.java:117)
	at org.hibernate.tool.schema.spi.SchemaManagementToolCoordinator.performDatabaseAction(SchemaManagementToolCoordinator.java:286)
	at org.hibernate.tool.schema.spi.SchemaManagementToolCoordinator.lambda$process$5(SchemaManagementToolCoordinator.java:145)
	at java.base/java.util.HashMap.forEach(HashMap.java:1421)
	at org.hibernate.tool.schema.spi.SchemaManagementToolCoordinator.process(SchemaManagementToolCoordinator.java:142)
	at org.hibernate.boot.internal.SessionFactoryObserverForSchemaExport.sessionFactoryCreated(SessionFactoryObserverForSchemaExport.java:37)
	at org.hibernate.internal.SessionFactoryObserverChain.sessionFactoryCreated(SessionFactoryObserverChain.java:35)
	at org.hibernate.internal.SessionFactoryImpl.<init>(SessionFactoryImpl.java:315)
	at org.hibernate.boot.internal.SessionFactoryBuilderImpl.build(SessionFactoryBuilderImpl.java:450)
	at org.hibernate.jpa.boot.internal.EntityManagerFactoryBuilderImpl.build(EntityManagerFactoryBuilderImpl.java:1507)
	at org.springframework.orm.jpa.vendor.SpringHibernateJpaPersistenceProvider.createContainerEntityManagerFactory(SpringHibernateJpaPersistenceProvider.java:75)
	at org.springframework.orm.jpa.LocalContainerEntityManagerFactoryBean.createNativeEntityManagerFactory(LocalContainerEntityManagerFactoryBean.java:376)
	at org.springframework.orm.jpa.AbstractEntityManagerFactoryBean.buildNativeEntityManagerFactory(AbstractEntityManagerFactoryBean.java:409)
	at org.springframework.orm.jpa.AbstractEntityManagerFactoryBean.afterPropertiesSet(AbstractEntityManagerFactoryBean.java:396)
	at org.springframework.orm.jpa.LocalContainerEntityManagerFactoryBean.afterPropertiesSet(LocalContainerEntityManagerFactoryBean.java:352)
	at org.springframework.beans.factory.support.AbstractAutowireCapableBeanFactory.invokeInitMethods(AbstractAutowireCapableBeanFactory.java:1820)
	at org.springframework.beans.factory.support.AbstractAutowireCapableBeanFactory.initializeBean(AbstractAutowireCapableBeanFactory.java:1769)
	at org.springframework.beans.factory.support.AbstractAutowireCapableBeanFactory.doCreateBean(AbstractAutowireCapableBeanFactory.java:599)
	at org.springframework.beans.factory.support.AbstractAutowireCapableBeanFactory.createBean(AbstractAutowireCapableBeanFactory.java:521)
	at org.springframework.beans.factory.support.AbstractBeanFactory.lambda$doGetBean$0(AbstractBeanFactory.java:325)
	at org.springframework.beans.factory.support.DefaultSingletonBeanRegistry.getSingleton(DefaultSingletonBeanRegistry.java:234)
	at org.springframework.beans.factory.support.AbstractBeanFactory.doGetBean(AbstractBeanFactory.java:323)
	at org.springframework.beans.factory.support.AbstractBeanFactory.getBean(AbstractBeanFactory.java:199)
	at org.springframework.context.support.AbstractApplicationContext.getBean(AbstractApplicationContext.java:1231)
	at org.springframework.context.support.AbstractApplicationContext.finishBeanFactoryInitialization(AbstractApplicationContext.java:949)
	at org.springframework.context.support.AbstractApplicationContext.refresh(AbstractApplicationContext.java:624)
	at org.springframework.boot.web.servlet.context.ServletWebServerApplicationContext.refresh(ServletWebServerApplicationContext.java:146)
	at org.springframework.boot.SpringApplication.refresh(SpringApplication.java:754)
	at org.springframework.boot.SpringApplication.refreshContext(SpringApplication.java:456)
	at org.springframework.boot.SpringApplication.run(SpringApplication.java:334)
	at org.springframework.boot.SpringApplication.run(SpringApplication.java:1354)
	at org.springframework.boot.SpringApplication.run(SpringApplication.java:1343)
	at zw.co.reikan.loans.LoansApiApplication.main(LoansApiApplication.java:44)
Caused by: java.sql.SQLSyntaxErrorException: You have an error in your SQL syntax; check the manual that corresponds to your MySQL server version for the right syntax to use near '`MEDIUMTEXT`' at line 1
	at com.mysql.cj.jdbc.exceptions.SQLError.createSQLException(SQLError.java:121)
	at com.mysql.cj.jdbc.exceptions.SQLExceptionsMapping.translateException(SQLExceptionsMapping.java:122)
	at com.mysql.cj.jdbc.StatementImpl.executeInternal(StatementImpl.java:770)
	at com.mysql.cj.jdbc.StatementImpl.execute(StatementImpl.java:653)
	at com.zaxxer.hikari.pool.ProxyStatement.execute(ProxyStatement.java:94)
	at com.zaxxer.hikari.pool.HikariProxyStatement.execute(HikariProxyStatement.java)
	at org.hibernate.tool.schema.internal.exec.GenerationTargetToDatabase.accept(GenerationTargetToDatabase.java:80)
	... 38 common frames omitted
.17:13:14.323 INFO  o.s.o.j.LocalContainerEntityManagerFactoryBean - Initialized JPA EntityManagerFactory for persistence unit 'default' 
.17:13:14.333 INFO  z.c.r.l.core.config.SecurityConfig - Creating keyclok: username: admin, password: admin@Keyc1oaK 
.17:13:14.576 INFO  o.s.d.j.r.query.QueryEnhancerFactory - Hibernate is in classpath; If applicable, HQL parser will be used. 
.17:13:15.163 INFO  o.s.s.web.DefaultSecurityFilterChain - Will secure Or [Mvc [pattern='/auth/**'], Mvc [pattern='/v3/api-docs/**'], Mvc [pattern='/swagger-ui/**'], Mvc [pattern='/swagger-ui.html'], Mvc [pattern='/spec.html'], Mvc [pattern='/swagger-resources/**'], Mvc [pattern='/configuration/security']] with [org.springframework.security.web.session.DisableEncodeUrlFilter@2dcfa917, org.springframework.security.web.context.request.async.WebAsyncManagerIntegrationFilter@45198fd9, org.springframework.security.web.context.SecurityContextHolderFilter@3243d4ca, org.springframework.security.web.header.HeaderWriterFilter@5fdcc57e, org.springframework.web.filter.CorsFilter@2d4fb0d8, org.springframework.security.web.csrf.CsrfFilter@4981dd9, org.springframework.security.web.authentication.logout.LogoutFilter@7b80cc47, org.springframework.security.web.savedrequest.RequestCacheAwareFilter@149a793a, org.springframework.security.web.servletapi.SecurityContextHolderAwareRequestFilter@681ae1ce, org.springframework.security.web.authentication.AnonymousAuthenticationFilter@1a80a36a, org.springframework.security.web.access.ExceptionTranslationFilter@13890ab8, org.springframework.security.web.access.intercept.AuthorizationFilter@70d5f272] 
.17:13:15.191 INFO  o.s.s.web.DefaultSecurityFilterChain - Will secure Or [Mvc [pattern='/api/**']] with [org.springframework.security.web.session.DisableEncodeUrlFilter@326acc7c, org.springframework.security.web.context.request.async.WebAsyncManagerIntegrationFilter@19cf111c, org.springframework.security.web.context.SecurityContextHolderFilter@3796df17, org.springframework.security.web.header.HeaderWriterFilter@6ffac1f3, org.springframework.web.filter.CorsFilter@2d4fb0d8, org.springframework.security.web.authentication.logout.LogoutFilter@41d73414, org.springframework.security.oauth2.client.web.OAuth2AuthorizationRequestRedirectFilter@827f9c8, org.springframework.security.oauth2.client.web.OAuth2LoginAuthenticationFilter@67feb5d0, org.springframework.security.web.authentication.ui.DefaultLoginPageGeneratingFilter@1d95501b, org.springframework.security.web.authentication.ui.DefaultLogoutPageGeneratingFilter@fef4fda, org.springframework.security.oauth2.server.resource.web.authentication.BearerTokenAuthenticationFilter@66b98075, org.springframework.security.web.savedrequest.RequestCacheAwareFilter@e5a654f, org.springframework.security.web.servletapi.SecurityContextHolderAwareRequestFilter@75e032af, org.springframework.security.web.authentication.AnonymousAuthenticationFilter@1d2d3bc2, org.springframework.security.web.session.SessionManagementFilter@795239f9, org.springframework.security.web.access.ExceptionTranslationFilter@50d3db27, org.springframework.security.web.access.intercept.AuthorizationFilter@2f498e2] 
.17:13:15.330 INFO  o.a.coyote.http11.Http11NioProtocol - Starting ProtocolHandler ["http-nio-8080"] 
.17:13:15.337 INFO  o.s.b.w.e.tomcat.TomcatWebServer - Tomcat started on port 8080 (http) with context path '' 
.17:13:15.343 INFO  z.c.reikan.loans.LoansApiApplication - Started LoansApiApplication in 2.484 seconds (process running for 2.793) 
.17:13:15.344 INFO  zw.co.reikan.loans.core.StartupTask - Attempting to create CommissionGroup: CommissionGroup(name=80-20-Favoring-BulkIT, agentCommission=20.0, providerCommission=80.0, percentage=true, enabled=false) 
.17:13:15.400 WARN  zw.co.reikan.loans.core.StartupTask - CommissionGroup already exists: 80-20-Favoring-BulkIT 
.17:13:15.401 INFO  zw.co.reikan.loans.core.StartupTask - Attempting to create CommissionGroup: CommissionGroup(name=100-Favoring-BulkIT, agentCommission=0.0, providerCommission=100.0, percentage=true, enabled=false) 
.17:13:15.402 WARN  zw.co.reikan.loans.core.StartupTask - CommissionGroup already exists: 100-Favoring-BulkIT 
.17:13:15.402 INFO  zw.co.reikan.loans.core.StartupTask - Attempting to create Innbucks default merchant service 
.17:13:15.411 WARN  zw.co.reikan.loans.core.StartupTask - Merchant with merchant code innbucks-2562-4f1f-b961-c546ea7c0481 already exists 
zw.co.reikan.loans.core.exception.ValidationException: Merchant with merchant code innbucks-2562-4f1f-b961-c546ea7c0481 already exists
	at zw.co.reikan.loans.core.merchant.MerchantService.validateRequest(MerchantService.java:63)
	at zw.co.reikan.loans.core.merchant.MerchantService.createMerchant(MerchantService.java:35)
	at java.base/jdk.internal.reflect.NativeMethodAccessorImpl.invoke0(Native Method)
	at java.base/jdk.internal.reflect.NativeMethodAccessorImpl.invoke(NativeMethodAccessorImpl.java:77)
	at java.base/jdk.internal.reflect.DelegatingMethodAccessorImpl.invoke(DelegatingMethodAccessorImpl.java:43)
	at java.base/java.lang.reflect.Method.invoke(Method.java:568)
	at org.springframework.aop.support.AopUtils.invokeJoinpointUsingReflection(AopUtils.java:351)
	at org.springframework.aop.framework.ReflectiveMethodInvocation.invokeJoinpoint(ReflectiveMethodInvocation.java:196)
	at org.springframework.aop.framework.ReflectiveMethodInvocation.proceed(ReflectiveMethodInvocation.java:163)
	at org.springframework.aop.framework.CglibAopProxy$CglibMethodInvocation.proceed(CglibAopProxy.java:765)
	at org.springframework.transaction.interceptor.TransactionInterceptor$1.proceedWithInvocation(TransactionInterceptor.java:123)
	at org.springframework.transaction.interceptor.TransactionAspectSupport.invokeWithinTransaction(TransactionAspectSupport.java:385)
	at org.springframework.transaction.interceptor.TransactionInterceptor.invoke(TransactionInterceptor.java:119)
	at org.springframework.aop.framework.ReflectiveMethodInvocation.proceed(ReflectiveMethodInvocation.java:184)
	at org.springframework.aop.framework.CglibAopProxy$CglibMethodInvocation.proceed(CglibAopProxy.java:765)
	at org.springframework.aop.framework.CglibAopProxy$DynamicAdvisedInterceptor.intercept(CglibAopProxy.java:717)
	at zw.co.reikan.loans.core.merchant.MerchantService$$SpringCGLIB$$0.createMerchant(<generated>)
	at zw.co.reikan.loans.core.StartupTask.createDefaultMerchant(StartupTask.java:114)
	at zw.co.reikan.loans.core.StartupTask.run(StartupTask.java:40)
	at org.springframework.boot.SpringApplication.lambda$callRunner$5(SpringApplication.java:790)
	at org.springframework.util.function.ThrowingConsumer$1.acceptWithException(ThrowingConsumer.java:83)
	at org.springframework.util.function.ThrowingConsumer.accept(ThrowingConsumer.java:60)
	at org.springframework.util.function.ThrowingConsumer$1.accept(ThrowingConsumer.java:88)
	at org.springframework.boot.SpringApplication.callRunner(SpringApplication.java:798)
	at org.springframework.boot.SpringApplication.callRunner(SpringApplication.java:789)
	at org.springframework.boot.SpringApplication.lambda$callRunners$3(SpringApplication.java:774)
	at java.base/java.util.stream.ForEachOps$ForEachOp$OfRef.accept(ForEachOps.java:183)
	at java.base/java.util.stream.SortedOps$SizedRefSortingSink.end(SortedOps.java:357)
	at java.base/java.util.stream.AbstractPipeline.copyInto(AbstractPipeline.java:510)
	at java.base/java.util.stream.AbstractPipeline.wrapAndCopyInto(AbstractPipeline.java:499)
	at java.base/java.util.stream.ForEachOps$ForEachOp.evaluateSequential(ForEachOps.java:150)
	at java.base/java.util.stream.ForEachOps$ForEachOp$OfRef.evaluateSequential(ForEachOps.java:173)
	at java.base/java.util.stream.AbstractPipeline.evaluate(AbstractPipeline.java:234)
	at java.base/java.util.stream.ReferencePipeline.forEach(ReferencePipeline.java:596)
	at org.springframework.boot.SpringApplication.callRunners(SpringApplication.java:774)
	at org.springframework.boot.SpringApplication.run(SpringApplication.java:341)
	at org.springframework.boot.SpringApplication.run(SpringApplication.java:1354)
	at org.springframework.boot.SpringApplication.run(SpringApplication.java:1343)
	at zw.co.reikan.loans.LoansApiApplication.main(LoansApiApplication.java:44)
.17:13:15.418 INFO  zw.co.reikan.loans.core.StartupTask - Attempting to create channel: Channel(channelId=mobile_app_channel_13a71261-f59c-466a-baca-31f6e2a7832e, name=Mobile App Channel, systemUser=User(username=SYSTEM_USER, externalSystemId=04a7a520-fd78-4932-a9ad-15e7d5432b38, merchant=Merchant(merchantCode=71520ae6-78e7-484d-9b75-b58f73640365, name=Acme Corporation, accountNumber=ACM123456789, disbursementType=MERCHANT_MOBILE_WALLET, commissionGroup=null, commissionStructure=null), temporaryPassword=true, agent=null, commissionGroup=null)) 
.17:13:15.422 WARN  zw.co.reikan.loans.core.StartupTask - Channel already exists: mobile_app_channel_13a71261-f59c-466a-baca-31f6e2a7832e 
.17:13:15.422 INFO  zw.co.reikan.loans.core.StartupTask - Attempting to create channel: Channel(channelId=admin_portal_channel_5b2d532e-5c00-4d8d-80df-86b41b42f40f, name=Admin Portal Channel, systemUser=User(username=SYSTEM_USER, externalSystemId=04a7a520-fd78-4932-a9ad-15e7d5432b38, merchant=Merchant(merchantCode=71520ae6-78e7-484d-9b75-b58f73640365, name=Acme Corporation, accountNumber=ACM123456789, disbursementType=MERCHANT_MOBILE_WALLET, commissionGroup=null, commissionStructure=null), temporaryPassword=true, agent=null, commissionGroup=null)) 
.17:13:15.424 WARN  zw.co.reikan.loans.core.StartupTask - Channel already exists: admin_portal_channel_5b2d532e-5c00-4d8d-80df-86b41b42f40f 
.17:13:15.424 INFO  zw.co.reikan.loans.core.StartupTask - Attempting to create channel: Channel(channelId=web_app_channel_189ae29c-b09a-4ef3-80d4-f3164978d054, name=Web App Channel, systemUser=User(username=SYSTEM_USER, externalSystemId=04a7a520-fd78-4932-a9ad-15e7d5432b38, merchant=Merchant(merchantCode=71520ae6-78e7-484d-9b75-b58f73640365, name=Acme Corporation, accountNumber=ACM123456789, disbursementType=MERCHANT_MOBILE_WALLET, commissionGroup=null, commissionStructure=null), temporaryPassword=true, agent=null, commissionGroup=null)) 
.17:13:15.427 WARN  zw.co.reikan.loans.core.StartupTask - Channel already exists: web_app_channel_189ae29c-b09a-4ef3-80d4-f3164978d054 
.17:13:57.018 INFO  o.a.c.c.C.[Tomcat].[localhost].[/] - Initializing Spring DispatcherServlet 'dispatcherServlet' 
.17:13:57.019 INFO  o.s.web.servlet.DispatcherServlet - Initializing Servlet 'dispatcherServlet' 
.17:13:57.022 INFO  o.s.web.servlet.DispatcherServlet - Completed initialization in 3 ms 
.17:13:58.337 INFO  z.c.r.l.InternalLoanApplicationController - Create loan request: LoanRequest(signatureData=string, amount=100, ecnumber=1234569T, mobileNumber=0772819815, tenor=4, nationalId=string, type=NET_OF_FEES, fname=Thomas 2, lname=1731250520380, dateOfBirth=1983-08-24, numberOfDependencies=0, numberOfChildren=0, maritalStatus=SINGLE, alternateContactNumber=0772819815, placeOfBirth=MUTARE, title=MR, email=tnyaguire@gmail.com, educationLevel=PRIMARY, address=520 Patrick Close,Helensvale,Harare,Zimbabwe, employmentDetail=EmploymentDetail(employerName=Getsol, employerContactNumber=07728919815, employeeNumber=123456, grossSalary=2000, netSalary=1500, employmentStartDate=2019-08-24, employmentEndDate=2019-08-24, address=520 Patrick Close,Helensvale,Harare,Zimbabwe), nextOfKin=NextOfKin(firstName=Randal, lastName=Nyagwaya, nationalId=123456789, address=520 Patrick Close,Helensvale,Harare,Zimbabwe, mobileNumber=0772819815, relationship=SIBLING, gender=MALE), nextOfKinIdNumber=123456789U8, nextOfKinName=Randal, nextOfKinPhone=0772819815, nextOfKinRelationShip=SIBLING, nextOfKinAddress=520 Patrick Close, witness=Witness(fullName=Thomas Nyagwaya, placeOfSignature=Mutare, dateSigned=2019-08-24, signature=string), purposeOfLoan=PURCHASE_OF_ASSETS, grossSalary=2000, netSalary=1500, profession=Developer, merchant=null, gender=MALE, bankingDetail=BankingDetail(bankName=CABS, accountName=12345678, branchName=HARARE, branchCode=12345, accountNumber=123456789, accountType=SAVINGS), productDescription=Product Foundation, channelId=null) 
.17:13:58.349 INFO  z.c.r.l.core.loan.LoanServiceImpl - Requesting loan approval: LoanRequest(signatureData=string, amount=100, ecnumber=1234569T, mobileNumber=0772819815, tenor=4, nationalId=string, type=NET_OF_FEES, fname=Thomas 2, lname=1731250520380, dateOfBirth=1983-08-24, numberOfDependencies=0, numberOfChildren=0, maritalStatus=SINGLE, alternateContactNumber=0772819815, placeOfBirth=MUTARE, title=MR, email=tnyaguire@gmail.com, educationLevel=PRIMARY, address=520 Patrick Close,Helensvale,Harare,Zimbabwe, employmentDetail=EmploymentDetail(employerName=Getsol, employerContactNumber=07728919815, employeeNumber=123456, grossSalary=2000, netSalary=1500, employmentStartDate=2019-08-24, employmentEndDate=2019-08-24, address=520 Patrick Close,Helensvale,Harare,Zimbabwe), nextOfKin=NextOfKin(firstName=Randal, lastName=Nyagwaya, nationalId=123456789, address=520 Patrick Close,Helensvale,Harare,Zimbabwe, mobileNumber=0772819815, relationship=SIBLING, gender=MALE), nextOfKinIdNumber=123456789U8, nextOfKinName=Randal, nextOfKinPhone=0772819815, nextOfKinRelationShip=SIBLING, nextOfKinAddress=520 Patrick Close, witness=Witness(fullName=Thomas Nyagwaya, placeOfSignature=Mutare, dateSigned=2019-08-24, signature=string), purposeOfLoan=PURCHASE_OF_ASSETS, grossSalary=2000, netSalary=1500, profession=Developer, merchant=null, gender=MALE, bankingDetail=BankingDetail(bankName=CABS, accountName=12345678, branchName=HARARE, branchCode=12345, accountNumber=123456789, accountType=SAVINGS), productDescription=Product Foundation, channelId=null) 
